count|employer_name|employer_address1|employer_address2|employer_city
3|University of Alaska|2025 Yukon Drive|212 Burtovich Building PO Box 755140|Fairbanks
3|University of Alaska|2025 Yukon Drive|212 Butrovich Building, PO Box 755140|Fairbanks
3|University of Alaska|2025 Yukon Drive||Fairbanks
3|NORTH SLOPE BOROUGH SCHOOL DISTRICT|829 AIVIK STREET|N/A|UTQIAGVIK
3|NORTH SLOPE BOROUGH SCHOOL DISTRICT|829 AIVIK STREET||UTQIAGVIK
3|NORTH SLOPE BOROUGH SCHOOL DISTRICT|829 AIVIK STREET||BARROW
2|Native Village of Eyak|110 Nicholoff Way|PO Box 1388|Cordova
2|Native Village of Eyak|110 Nicholoff Way||Cordova
2|Bristol Bay Sportfishing|125 Seversens Point|P.O. Box 164|Iliamna
2|Bristol Bay Sportfishing LLC|125 Seversens Point|P.O. Box 164|Iliamna
2|Pathology Consultants Inc|1650 Cowles Street|Suite 216|Fairbanks
2|Foundation Health LLC|1650 Cowles Street||Fairbanks
2|KIACC Inc|202 Center Ave|102|KODIAK
2|Kodiak Island Ambulatory Care Clinic Inc|202 Center Ave|102|KODIAK
2|Bering Strait School District|225 Main St.||Unalakleet
2|Bering Strait School District|225 Main St.||Unalakeet
2|ACSA ASDN Education Services|234 Gold Street||Juneau
2|ACSA ASDN EDUCATION SERVICES|234 Gold Street||Juneau
2|Teck Alaska Incorporated|2525 C Street|STE 310|Anchorage
2|Teck Alaska Incorporated|2525 C Street|Suite 310|Anchorage
2|Northern Star (Pogo) LLC|3204 International Street||Fairbanks
2|Northern Star (POGO) LLC|3204 International Street||Fairbanks
2|Brice Environmental Services Corporation|3700 Centerpoint Drive|Suite 800|Anchorage
2|Brice Engineering LLC|3700 Centerpoint Drive|Suite 8223|Anchorage
2|ASHOK.G LLC|38 Front Street||Ketchikan
2|Ashok.G LLC|38 Front Street||Ketchikan
2|ASRC Energy Services LLC|3900 C Street|Suite 701|Anchorage
2|Arctic Slope Regional Corporation|3900 C Street|Suite 801|Anchorage
2|Alaska Pacific Brewing Company LLC|721 West 1st Avenue||Anchorage
2|Alaska Pacific Beverage Company LLC|721 West 1st Avenue||Anchorage
2|Brews Brothers LLC|737 W. 5th Avenue|Suite 100|Anchorage
2|Brews Brothers LLC|737 W. 5th Avenue|Suite 110|Anchorage
2|Iditarod Area School District|P. O. Box 90||Grayling
2|Iditarod Area School District|P. O. Box 90||McGarth
2|Nome Public School|P.O. BOX 131||Nome
2|Nome Public Schools|P.O. BOX 131||Nome
2|Nome Public Schools|P.O. Box 131|3.5 Nome-Teller Highway|Nome
2|Nome Public Schools|P.O. Box 131||Nome
2|Southwest Region School District|PO Box 90||Dillingham
2|Iditarod Area School District|PO Box 90||McGrath
1|Fairbanks Gold Mining Inc|1 Fort Knox Road||Fairbanks
1|Lower Yukon School District|100 Airport Road||Mountain Village
1|Usibelli Coal Mine Inc|100 River Road||Healy
1|Norton Sound Health Corporation|1000 Greg Kruschek Avenue|P.O. Box 966|Nome
1|JKD BRANDS LLC|10289 Nigh Road, Unit 11||ANCHORAGE
1|Sealaska Heritage Institute Inc|105 S Seward Street|Suite 201|Juneau
1|ALASKA ARTS SOUTHEAST INC|110 College Drive|Suite 111|Sitka
1|JKD BRANDS LLC|1120 HUFFMAN ROAD, STE 24, PMB 232||ANCHORAGE
1|BTY DENTAL GROUP LLC|1136 N Muldoon Road|STE 110|Anchorage
1|Fairbanks Urology LLC|1211 Cushman Street||Fairbanks
1|Ashok.G LLC|122 Front Street||Ketchikan
1|Yukon Flats School District|123 Hill Street|PO Box 350|Fort Yukon
1|Alaska Gateway School District|1313.5 Alaska Hwy||Tok
1|TerraSond Limited|1617 S Industrial Way||Palmer
1|Foundation Health LLC|1650 Cowels Street||Fairbanks
1|Graystone Resources LLC|1692 Tok Lane|Room 107-2345|Fairbanks
1|Alaska Power and Engineering LLC|17 Letnikof Drive||Haines
1|South Tama County Community School District|1702 Harding Street||Tama
1|Matanuska Telecom Association Inc|1740 S Chugach Street||Palmer
1|Kake City School District|175 Library Place||Kake
1|Advanced Physical Therapy Inc|1917 Abbott Road|Suite 200|Anchorage
1|BTY DENTAL GROUP LLC|1921 W. Dimond Blvd.|STE 101|Anchorage
1|Turnagain Kayak LLC|19796 Hope Hwy||Hope
1|PETERSBURG SCHOOL DISTRICT|201 CHARLES W ST||PETERSBURG
1|TerraSond Limited|202 W Elmwood Ave||Palmer
1|University of Alaska|2025 Yukon Dr|212 Butrovich Building, PO Box 755140|Fairbanks
1|Cooperman Technology Inc|205 E. Benson Blvd|Suite 513|Anchorage
1|Bettisworth North Architects and Planners Inc|212 Front St|Suite 200|Fairbanks
1|J & M Alaska Air Tours Inc|2150 E. 5th Avenue||Anchorage
1|Bering Strait School District|225 Main Street||Unalakleet
1|Latitude 63 LLC|2261 Cinnibar Loop||Anchorage
1|Central Environmental Inc|229 E Whitney Road|Suite 200|Anchorage
1|Alaska Resort Condos Inc|2295 Trout Street||Juneau
1|Newhouse & Vogler, CPAs, APC|237 East Fireweed Lane|Suite 200|Anchorage
1|Points North Heli-Adventures Inc|2500 Orca Cannery Road||Cordova
1|Mat-Su Valley III LLC|2500 S Woodowrth Loop||Palmer
1|Mat-Su Valley III LLC|2500 S Woodworth Loop||Palmer
1|GCI Communication Corp.|2550 Denali Street|Suite 1000|Anchorage
1|Volunteers of America of Alaska|2600 Cordova Street|Suite 101|Anchorage
1|Spruce Tree Montessori School LLC|286 N Cushman St||Fairbanks
1|Open Arms Child Development Center|2980 Davis Road||Fairbanks
1|Galena City School District|299 Antoski Road||Galena
1|ARL LLC|30 Air Miles NW of King Salmon AK on Kvichak River|P.O. Box 39|King Salmon
1|ALTMAN, ROGERS & CO.|3000 C STREET|SUITE 201|ANCHORAGE
1|Chenega Corporation|3000 C Street|Suite 301|Anchorage
1|ZPA LLC|308 Ash Street||Seward
1|SEARHC|3100 Channel Drive||Juneau
1|CYMA Consultants Inc|3105 Lakeshore Drive|Building A, Suite 101|Anchorage
1|Frontier Media LLC|3161 Channel Drive|Suite 2|Juneau
1|Alaskas Naknek River Camp|32 Rainbow Dr||King Salmon
1|BARTLETT REGIONAL HOSPITAL|3260 HOSPITAL DRIVE||JUNEAU
1|Bartlett Regional Hospital|3260 Hospital Drive||Juneau
1|SAI Investments LLC|330A Spruce Mill Way||Ketchikan
1|MOH Financial LLC|3401 Denali St. Suite 204||Anchorage
1|Alaska Skylar Travel LLC|3404 Artic Blvd.||Anchorage
1|The Landing Restaurant LLC|3434 Tongass Avenue||Ketchikan
1|Aurora Expeditions LLC|3520 Industrial Ave|Unit 1|Fairbanks
1|Mountain View Health Services|3521 Mountain View Drive||Anchorage
1|Hoonah City School District|366 Garteeni Highway, PO Box 157||Hoonah
1|A Team Pacific Roofing Inc|3790 Schacht St||Fairbanks
1|MCKINLEY CAPITAL MANAGEMENT LLC|3800 CENTERPOINT DRIVE|SUITE 1100|Anchorage
1|Thrive Integrative Medicine LLC|3835 Spenard Road||Anchorage
1|Alaska Heart Institute LLC|3841 Piper Street|Suite T-100|Anchorage
1|Aurora Expeditions LLC|3851 Royal Road||Fairbanks
1|Alaska Native Tribal Health Consortium|4000 Ambassador Drive||Anchorage
1|Alyeska Vascular Surgery LLC|4001 Laurel St|Suite 204|Anchorage
1|NSKHC LLC|4015 Lake Otis Parkway|Suite 101|Anchorage
1|Anchorage Community Mental Health Services Inc|4045 Lake Otis Parkway|Suite 210|Anchorage
1|ALASKA PACIFIC UNIVERSITY|4101 University Drive||Anchorage
1|Global Partnership Ministries Inc|4149 Checkmate Drive||Anchorage
1|Yakutat City School District|429 Forest Hwy.||Yakutat
1|Holitna Construction LLC|4300 B Street|Suite 405|Anchorage
1|South Peninsula Hospital Inc|4300 Bartlett St||Homer
1|Northern Made Creations LLC|4300 Old Seward Highway||Anchorage
1|Frontier Community Services|43335 Kalifornsky Beach Road|Suite 36|Soldotna
1|Denali Wolf Investments LLC|4431 N RYDER DR||Palmer
1|Northern Pacific Airways Inc|4700 Old International Airport Road||Anchorage
1|Yukon-Koyukuk School District|4762 Old Airport Way||Fairbanks
1|Anchorage Neighborhood Health Center Inc|4951 Business Park Boulevard||Anchorage
1|Turnagain Marine Construction Corporation|5050 Cordova St|STE 200|Anchorage
1|CILANTROS INC|508 W. 6TH AVENUE||ANCHORAGE
1|Alaska Central Electronics|524 W International Airport Road||Anchorage
1|Construction Machinery Industrial LLC|5400 Homer Dr.||Anchorage
1|Ophthalmic Associates|542  West 2nd Avenue||Anchorage
1|Restore LLC|542 4th Avenue|Suite B 101|FAIRBANKS
1|Unalaska City School District|55 East Broadway||Unalaska
1|ANCHORAGE SCHOOL DISTRICT|5530 E NORTHERN LIGHTS BLVD||ANCHORAGE
1|Anchorage School District|5530 E Northern Lights Blvd||Anchorage
1|Gastineau Human Services Corporation|5597 Aisek St.||Juneau
1|Skagway Handloom & Handicrafts|565 Broadway St, 6th Ave, Skagway Bazar|Suite 03|Skagway
1|Arctic Rehabilitation and Physcial Therapy|5701 Lake Otis Parkway|Suite 100|Anchorage
1|Oil Search (Alaska) LLC|601 W 5th Avenue||Anchorage
1|The May Clinic Inc|615 University Ave||Fairbanks
1|Katmai Air LLC|6400 South Airpark Place, Suite 1||Anchorage
1|RIM Architects LLC|645 G St|Suite 400|Anchorage
1|RIM Architects LLC|645 G Street|Suite 400|Anchorage, AK, USA
1|Beacon Occupational Health & Safety Services Inc|701 East Tudor Road|Suite 110|Anchorage
1|Community Connections|721 Stedman Street||Ketchikan
1|Kodiak Island Borough School District|722 Mill Bay Road||Kodiak
1|Maniilaq Association Inc|733 2nd Avenue|P.O. Box 256|Kotzebue
1|COVENANT HOUSE ALASKA|755 A Street||ANCHORAGE
1|Kodiak Island Borough School District|77 Mill Bay Road||Kodiak
1|Northwest Arctic Borough School District|776 Third Street||Kotzebue
1|Yukon-Kuskokwim Health Corporation|829 Chief Eddie Hoffman Highway||Bethel
1|BTY DENTAL GROUP LLC|8840 Old Seward Hwy|STE F|Anchorage
1|BTY Dental Group LLC|8840 Old Seward Hwy, Unit F||Anchorage
1|IDITAROD AREA SCHOOL DISCTRICT|90 CHINANA AVE|N/A|MCGRATH
1|Iditarod Area School District|90 Chinana Avenue||McGrath
1|Oil Search (Alaska) LLC|900 E Benson Blvd||Anchorage
1|APCM Wealth Management for Individuals LLC|900 W 5th Ave|Ste 601|Anchorage
1|Architects Alaska Inc|900 W 5th Avenue|STE 403|Anchorage
1|NANA Regional Corporation Inc|909 West 9th Avenue||Anchorage
1|Pribilof School District|930 Tolstoi Blvd.||Saint Paul Island
1|Elgee Rehfeld LLC|9309 Glacier Highway|Suite B-200|Juneau
1|UNIVERSITY OF ALASKA SOUTHEAST|Hendricksen Room 202|11120 GLACIER HIGHWAY|Juneau
1|Galena City School District|P O Box 299||Galena
1|Dillingham City School District|P. O. Box 170||Dillingham
1|Alaska Gateway School District|P. O. Box 226||Tok
1|Denali Borough School District|P. O. Box 280||Healy
1|Kashunamiut School District|P. O. Box 345||Chevak
1|Northwest Arctic Borough School District|P. O. Box 51||Kotzebue
1|Yupiit School District|P. O. Box 51190||AKIACHAK
1|Alaska Gateway School District|P.O Box 226||Tok
1|Haines Borough School District|P.O. Box 1289||Haines
1|Alaska Gateway School District|P.O. Box 226||Tok
1|Kuspuk School District|P.O. Box 49||Aniak
1|University of Alaska|P.O. Box 755140|2025 Yukon Drive, Suite 212|Fairbanks
1|Chatham School District|PO Box 109||Angoon
1|Nome Public School District|PO Box 131||Nome
1|Turnagain Kayak Sales LLC|PO Box 153||Hope
1|Bering Strait School District|PO Box 225||Unalakleet
1|Lower Kuskokwim School District|PO Box 305||Bethel
1|Alaskas Naknek River Camp|PO Box 32||King Salmon
1|Kashunamiut School District|PO Box 345|985 KSD Way|Chevak
1|Yukon Flats School District|PO Box 350||Fort Yukon
1|Kuspuk School District|PO Box 49||Aniak
1|University of Alaska|PO Box 755140|2025 Yukon Dr, 212 Butrovich Building|Fairbanks
1|Kawerak Inc|PO Box 948||Nome
1|Kuspuk School District|PO box 49||Aniak
1|Onyx Drillling LLC|Po Box 81366||Fairbanks
(180 rows)
