token,platform,source_url,crawl_id
0g,ashby,https://jobs.ashbyhq.com/0g/d35c9785-1912-4c23-8d09-dbbe353d4733?utm_source=Longhash+job+board&utm_medium=getro.com&gh_src=Longhash+job+board,CC-MAIN-2026-34
0x,ashby,https://jobs.ashbyhq.com/0x/01df9077-73f9-4c9b-8e87-a9de1423dcd9/application?source=chainhire.careers,CC-MAIN-2026-34
10xteam,ashby,https://jobs.ashbyhq.com/10xteam/11b22ba0-8bc7-49bf-8cbf-773a7e84ae79/application,CC-MAIN-2026-30
11x,ashby,https://jobs.ashbyhq.com/11x/84dd760d-469a-46c6-82b7-54d30e7f43c1?embed=js,CC-MAIN-2026-34
1bios,ashby,https://jobs.ashbyhq.com/1bios,CC-MAIN-2026-30
1mind,ashby,https://jobs.ashbyhq.com/1mind/2b085917-8022-4e12-8a54-06de0722f091,CC-MAIN-2026-34
1password,ashby,https://jobs.ashbyhq.com/1password/005f5f65-b213-462e-9bce-4f45955b5cb8,CC-MAIN-2026-34
1x,ashby,https://jobs.ashbyhq.com/1x/06f50940-79db-4505-8bcd-ddc2b739fb81,CC-MAIN-2026-34
3e,ashby,https://jobs.ashbyhq.com/3e/3a4bb839-a2b6-4a8c-98e2-af49b03ad534,CC-MAIN-2026-34
3imembers,ashby,https://jobs.ashbyhq.com/3imembers,CC-MAIN-2026-34
42dot,ashby,https://jobs.ashbyhq.com/42dot/27c29c55-5416-49e4-beea-37c65ba53d2c/application,CC-MAIN-2026-34
51f67855-3ba7-445a-99bb-97e9f5093e4b,ashby,https://jobs.ashbyhq.com/51f67855-3ba7-445a-99bb-97e9f5093e4b/2e2f43f4-f4a5-4163-acbc-6448cf1557f3,CC-MAIN-2026-34
5bluesoftware,ashby,https://jobs.ashbyhq.com/5bluesoftware/dc2f70a2-7c11-49ae-9e42-59d6bb3e903f?ref=reactjobs.io,CC-MAIN-2026-30
80000hours,ashby,https://jobs.ashbyhq.com/80000hours/51f13f82-2328-432e-bbb5-e38f04b2bb07?utm_source=Fast+Forward+job+board&utm_medium=getro.com&gh_src=Fast+Forward+job+board,CC-MAIN-2026-34
805title,ashby,https://jobs.ashbyhq.com/805title,CC-MAIN-2026-25
829studios,ashby,https://jobs.ashbyhq.com/829studios/18b4351f-c1d3-4814-a6cc-c1f70acf70f9?source=DataAnalyst.com,CC-MAIN-2026-34
8fleet-inc,ashby,https://jobs.ashbyhq.com/8fleet-inc/dc31f50c-13a7-4a57-9521-bae6e197f88b/application,CC-MAIN-2026-34
8returns,ashby,https://jobs.ashbyhq.com/8returns/4043da58-e632-42d7-b543-fc4acb576adb/application,CC-MAIN-2026-21
8vc,ashby,https://jobs.ashbyhq.com/8vc/572bb885-eeb4-4c8c-b88e-86d56f9e5b26?utm_source=8VC+job+board&utm_medium=getro.com&gh_src=8VC+job+board,CC-MAIN-2026-34
9-mothers,ashby,https://jobs.ashbyhq.com/9-mothers/1696c09f-b9ad-4d65-aaf9-fbbff7f2c2b4,CC-MAIN-2026-34
9fin,ashby,https://jobs.ashbyhq.com/9fin/286ba3d2-bd3d-4511-afb0-4c6bc70b6d27?utm_source=Seedcamp+job+board&utm_medium=getro.com&gh_src=Seedcamp+job+board,CC-MAIN-2026-34
=,ashby,https://jobs.ashbyhq.com/=,CC-MAIN-2026-21
a-place-for-mom,ashby,https://jobs.ashbyhq.com/a-place-for-mom/6e61c528-fe1c-4335-88cf-185e3ae46062,CC-MAIN-2026-34
a-team,ashby,https://jobs.ashbyhq.com/a-team/,CC-MAIN-2026-34
A1%20Garage%20Door%20Service,ashby,https://jobs.ashbyhq.com/A1%20Garage%20Door%20Service/33ebb068-1730-483b-be3c-a401108b437f?utm_id=5433340&utm_source=Content+Job+Board,CC-MAIN-2026-34
a16z-new-media,ashby,https://jobs.ashbyhq.com/a16z-new-media,CC-MAIN-2026-34
aacigroup,ashby,https://jobs.ashbyhq.com/aacigroup/0b064fc8-26ba-41b7-9252-34b83689655e,CC-MAIN-2026-25
Aaron-School,ashby,https://jobs.ashbyhq.com/Aaron-School,CC-MAIN-2026-30
abacum,ashby,https://jobs.ashbyhq.com/abacum/0ac90a68-6db0-4a23-85ec-5198ea0b5c5f,CC-MAIN-2026-34
abby-care,ashby,https://jobs.ashbyhq.com/abby-care/02bb65f5-89dc-4562-bd25-5e193cc9008b/application,CC-MAIN-2026-34
abe,ashby,https://jobs.ashbyhq.com/abe/8f4f9597-92ff-4acf-9428-76d9fb7aaff2/application,CC-MAIN-2026-34
abound,ashby,https://jobs.ashbyhq.com/abound/64bec96e-e8dc-4e5a-9b19-56f1e6d2d071,CC-MAIN-2026-34
Abridge,ashby,https://jobs.ashbyhq.com/Abridge/03957c9d-d3c0-4699-8ca9-7613bb7b2956?utm_source=Redpoint+Ventures+job+board&utm_medium=getro.com&gh_src=Redpoint+Ventures+job+board,CC-MAIN-2026-34
absentia-labs,ashby,https://jobs.ashbyhq.com/absentia-labs/065ff1cf-3b47-46c5-85c7-efbd388ae08e,CC-MAIN-2026-30
absorblms,ashby,https://jobs.ashbyhq.com/absorblms/1ab91f0f-e0a0-4b42-aadd-bf705bd34be0,CC-MAIN-2026-34
abstraction.games,ashby,https://jobs.ashbyhq.com/abstraction.games/4e85de38-fb10-4005-a9b7-aea9aca52c0d,CC-MAIN-2026-25
abundant,ashby,https://jobs.ashbyhq.com/abundant,CC-MAIN-2026-34
abusix,ashby,https://jobs.ashbyhq.com/abusix/2f91fb5a-d612-4f39-b41c-9dadd8f79c76,CC-MAIN-2026-30
Accelevents,ashby,https://jobs.ashbyhq.com/Accelevents/b6891551-5630-4159-a9cb-4f94d2f7644a,CC-MAIN-2026-21
access,ashby,https://jobs.ashbyhq.com/access,CC-MAIN-2026-34
Accord,ashby,https://jobs.ashbyhq.com/Accord/661658ec-a426-41be-8c43-559ef5904bb0,CC-MAIN-2026-34
accurx,ashby,https://jobs.ashbyhq.com/accurx/0000fb2a-59e7-47a3-a956-4a27bdc08f31,CC-MAIN-2026-34
acd,ashby,https://jobs.ashbyhq.com/acd,CC-MAIN-2026-25
ace-1-media,ashby,https://jobs.ashbyhq.com/ace-1-media/0487188f-af6f-4287-8083-546e2899f5af,CC-MAIN-2026-30
aceve,ashby,https://jobs.ashbyhq.com/aceve,CC-MAIN-2026-30
achilleshr,ashby,https://jobs.ashbyhq.com/achilleshr/3dc60ad8-8913-4ec5-bb62-c0ae5ec1c0a5,CC-MAIN-2026-30
achira,ashby,https://jobs.ashbyhq.com/achira/083f473d-0204-4822-a62b-ea2dcfab50d4,CC-MAIN-2026-34
aclima,ashby,https://jobs.ashbyhq.com/aclima/d28f1791-b71c-4e71-a832-385f0d637935,CC-MAIN-2026-30
Acorns,ashby,https://jobs.ashbyhq.com/Acorns/3187102e-20a1-4d18-a347-430fe632ac9b?utm_source=remoteaccountingcareers,CC-MAIN-2026-34
acquird,ashby,https://jobs.ashbyhq.com/acquird/f5fd39c9-b76b-404d-8097-0c99d5980d14,CC-MAIN-2026-25
acquisition,ashby,https://jobs.ashbyhq.com/acquisition/a5364553-623e-4391-97d6-acb9f3d29774,CC-MAIN-2026-34
across-ai,ashby,https://jobs.ashbyhq.com/across-ai/4e258b9d-9494-4237-bd0d-edd51b356a4c,CC-MAIN-2026-30
activesite,ashby,https://jobs.ashbyhq.com/activesite,CC-MAIN-2026-34
adapt,ashby,https://jobs.ashbyhq.com/adapt,CC-MAIN-2026-34
adaption,ashby,https://jobs.ashbyhq.com/adaption/18ee262e-9fb7-4ca2-834b-1a50c215299b,CC-MAIN-2026-34
Adaptive,ashby,https://jobs.ashbyhq.com/Adaptive/4bf17057-fc16-4f74-9347-2ad7b4e25e78?utm_source=Emergence+Capital+job+board&utm_medium=getro.com&gh_src=Emergence+Capital+job+board,CC-MAIN-2026-34
adaptive-innovations,ashby,https://jobs.ashbyhq.com/adaptive-innovations/04788c6a-8403-48d5-98f7-01a3bfe842dc,CC-MAIN-2026-30
adaptive-ml,ashby,https://jobs.ashbyhq.com/adaptive-ml/475f3af1-65f3-44f1-8707-b2feaa589f47,CC-MAIN-2026-30
adaptivesecurity,ashby,https://jobs.ashbyhq.com/adaptivesecurity/172a6d44-970d-4174-9b80-f13b6b21009c,CC-MAIN-2026-34
adapty-io,ashby,https://jobs.ashbyhq.com/adapty-io/5e86460b-4d84-424f-9232-7d816eac2564/application,CC-MAIN-2026-34
adaptyv,ashby,https://jobs.ashbyhq.com/adaptyv/08d139bb-7a3f-440a-8a12-ec2ed3141ade,CC-MAIN-2026-34
adclear,ashby,https://jobs.ashbyhq.com/adclear/20b42437-3bec-4220-8299-57d29751a817,CC-MAIN-2026-34
Addi,ashby,https://jobs.ashbyhq.com/Addi/11c3a601-4704-4390-a6be-1183ea223bad/application,CC-MAIN-2026-34
additiveai,ashby,https://jobs.ashbyhq.com/additiveai,CC-MAIN-2026-34
adelphi-ai,ashby,https://jobs.ashbyhq.com/adelphi-ai/1d61f60a-281c-4a62-9e55-b408685e9ad7,CC-MAIN-2026-25
adept.ai,ashby,https://jobs.ashbyhq.com/adept.ai/53c46213-8140-4c5a-a98f-da83b394f681?utm_source=aistartup.jobs&utm_medium=referral&utm_campaign=new-ai-startup-jobs-week-beginning-june-11th-2024,CC-MAIN-2026-30
aditude,ashby,https://jobs.ashbyhq.com/aditude,CC-MAIN-2026-30
adjoe,ashby,https://jobs.ashbyhq.com/adjoe/25fd58c5-def8-4ba2-8216-8d651df6129d,CC-MAIN-2026-34
adonis,ashby,https://jobs.ashbyhq.com/adonis/7ff49368-516b-4da5-8e3b-38a5a4658588,CC-MAIN-2026-30
adthena,ashby,https://jobs.ashbyhq.com/adthena/97e15863-1bc9-425a-9d2f-c642a052d927?utm_source=Updata+Partners+job+board&utm_medium=getro.com&gh_src=Updata+Partners+job+board,CC-MAIN-2026-34
aduro-advisors,ashby,https://jobs.ashbyhq.com/aduro-advisors,CC-MAIN-2026-34
aerovect,ashby,https://jobs.ashbyhq.com/aerovect,CC-MAIN-2026-34
aerovy,ashby,https://jobs.ashbyhq.com/aerovy,CC-MAIN-2026-34
aescape,ashby,https://jobs.ashbyhq.com/aescape/9a658144-ec44-4efd-b226-e74675d59c66/application,CC-MAIN-2026-30
aetherflux,ashby,https://jobs.ashbyhq.com/aetherflux/03efa560-4839-418f-9960-4f04bbc67db4?utm_source=Breakthrough+Energy+Ventures+job+board&utm_medium=getro.com&gh_src=Breakthrough+Energy+Ventures+job+board,CC-MAIN-2026-25
AfterQuery,ashby,https://jobs.ashbyhq.com/AfterQuery/174889e7-829e-4666-94a6-14687cf01d5e,CC-MAIN-2026-34
agavegames,ashby,https://jobs.ashbyhq.com/agavegames/0b24cc8a-0ce5-495b-b7b7-dcb3b734e831,CC-MAIN-2026-30
Agent,ashby,https://jobs.ashbyhq.com/Agent/05060be6-2722-49f8-b1d8-756f43f13a99/application?utm_data=hiring.lat,CC-MAIN-2026-34
agentio,ashby,https://jobs.ashbyhq.com/agentio/3db7bced-ea4b-410a-a68c-c85eda2ee76c,CC-MAIN-2026-34
agentis-capital-advisors,ashby,https://jobs.ashbyhq.com/agentis-capital-advisors/853e0825-02b7-4bd7-a672-da4bcfa16440,CC-MAIN-2026-34
agentmail,ashby,https://jobs.ashbyhq.com/agentmail/0f25ff04-0250-4c8c-b9a6-00b164f1f19a,CC-MAIN-2026-34
agi-inc,ashby,https://jobs.ashbyhq.com/agi-inc/3f5a1963-8638-47c1-8711-9ceaf179e230/application?utm_source=thehomebase&ref=thehomebase,CC-MAIN-2026-30
agora,ashby,https://jobs.ashbyhq.com/agora/afc0271e-875d-411f-b6f9-a4f00967b42b,CC-MAIN-2026-17
agreena,ashby,https://jobs.ashbyhq.com/agreena,CC-MAIN-2026-30
Agrigistics,ashby,https://jobs.ashbyhq.com/Agrigistics,CC-MAIN-2026-25
aibidia,ashby,https://jobs.ashbyhq.com/aibidia/1a8380ab-d8b6-44f7-9607-b05f3becb8cc?embed=js,CC-MAIN-2026-34
aida,ashby,https://jobs.ashbyhq.com/aida,CC-MAIN-2026-30
aidkit,ashby,https://jobs.ashbyhq.com/aidkit/e82ed042-535b-4b0c-b1e9-417e4060c356,CC-MAIN-2026-34
aim,ashby,https://jobs.ashbyhq.com/aim/c3aea728-84c4-4b6f-bf5d-4a0cf0b0ec8c?ref=reactjobs.io,CC-MAIN-2026-34
aim4hire,ashby,https://jobs.ashbyhq.com/aim4hire/cbbae070-1e56-4aa1-a7b4-9b0a96666b09,CC-MAIN-2026-25
AION%20Biosciences,ashby,https://jobs.ashbyhq.com/AION%20Biosciences/aa7f5eaf-dbd3-4c86-8d65-d6d46cdd2910?utm_source=Long+Journey+Ventures+job+board&utm_medium=getro.com&gh_src=Long+Journey+Ventures+job+board,CC-MAIN-2026-34
aios,ashby,https://jobs.ashbyhq.com/aios/753825b2-508b-4bab-af1a-89e56a5ed29f/application,CC-MAIN-2026-34
aiprise,ashby,https://jobs.ashbyhq.com/aiprise/f40fe1a3-8a70-480b-8df8-0cafcd471fee/application?utm_source=DZWAomlRjr,CC-MAIN-2026-34
airapps,ashby,https://jobs.ashbyhq.com/airapps,CC-MAIN-2026-34
airbyte,ashby,https://jobs.ashbyhq.com/airbyte,CC-MAIN-2026-34
airgarage,ashby,https://jobs.ashbyhq.com/airgarage/2d8f245e-b224-40da-a8fc-0ef2f19dba88,CC-MAIN-2026-34
airkit,ashby,https://jobs.ashbyhq.com/airkit/,CC-MAIN-2026-17
airops,ashby,https://jobs.ashbyhq.com/airops/1de69cf3-0722-44f2-a2d4-cd24a334e9df,CC-MAIN-2026-34
airplane,ashby,https://jobs.ashbyhq.com/airplane/c1318a84-a491-4202-82f7-74eeec69079b,CC-MAIN-2026-25
airspace-intelligence.com,ashby,https://jobs.ashbyhq.com/airspace-intelligence.com/6009a6a4-5bfe-48f8-971e-c669cc5a66d2,CC-MAIN-2026-34
airspeed,ashby,https://jobs.ashbyhq.com/airspeed,CC-MAIN-2026-30
airtasker,ashby,https://jobs.ashbyhq.com/airtasker/682a1694-f66b-455b-b1cb-5aec62ccac44,CC-MAIN-2026-30
airwallex,ashby,https://jobs.ashbyhq.com/airwallex/00c7eb88-b9a9-4516-90d5-2ea9b9e00d83?utm_source=Airtree+job+board&utm_medium=getro.com&gh_src=Airtree+job+board,CC-MAIN-2026-34
Airweave,ashby,https://jobs.ashbyhq.com/Airweave/227256be-efd3-4f39-b042-4c9d4bbc33ec,CC-MAIN-2026-34
aisle,ashby,https://jobs.ashbyhq.com/aisle/207a1da3-e2fa-4ee1-a5e8-7948fb848341,CC-MAIN-2026-34
aiuc,ashby,https://jobs.ashbyhq.com/aiuc/0fbdba93-57e9-4833-bdc4-aee539ecda14?utm_source=Emergence+Capital+job+board&utm_medium=getro.com&gh_src=Emergence+Capital+job+board,CC-MAIN-2026-34
aiwyn,ashby,https://jobs.ashbyhq.com/aiwyn/4349c890-0748-428c-a505-3cb7ca68733d?utm_source=Relevance+Ventures+job+board&utm_medium=getro.com&gh_src=Relevance+Ventures+job+board,CC-MAIN-2026-34
aizen,ashby,https://jobs.ashbyhq.com/aizen/4bb08ddb-9592-41b6-be9f-0b6a07d5728c,CC-MAIN-2026-21
Ajax,ashby,https://jobs.ashbyhq.com/Ajax/5a82d07e-8efd-4e0e-a7ca-762e27ba9c1b,CC-MAIN-2026-12
aka,ashby,https://jobs.ashbyhq.com/aka,CC-MAIN-2026-30
akasa,ashby,https://jobs.ashbyhq.com/akasa/09c7bee7-6f13-4d4b-9726-3b0e198610f6?utm_source=YQR7QAeLve,CC-MAIN-2026-34
akur8,ashby,https://jobs.ashbyhq.com/akur8/fef920fd-8ed5-4b48-977b-ae3af4f7995c?utm_source=MTech+Capital+job+board&utm_medium=getro.com&gh_src=MTech+Capital+job+board,CC-MAIN-2026-34
alan,ashby,https://jobs.ashbyhq.com/alan,CC-MAIN-2026-34
alaro,ashby,https://jobs.ashbyhq.com/alaro,CC-MAIN-2026-34
alcazar-energy,ashby,https://jobs.ashbyhq.com/alcazar-energy/4efbf029-28b9-465a-9aef-34d8563fde16/application,CC-MAIN-2026-34
alchemy,ashby,https://jobs.ashbyhq.com/alchemy/07f23db8-28b1-4916-8209-0cb0e1de3fad?utm_source=Arbitrum+job+board&utm_medium=getro.com&gh_src=Arbitrum+job+board,CC-MAIN-2026-34
alembic,ashby,https://jobs.ashbyhq.com/alembic/1b652371-4b55-4aa7-97f0-c33ecd94d290?utm_source=m%5Dx%5Bv+Capital+job+board&utm_medium=getro.com&gh_src=m%5Dx%5Bv+Capital+job+board,CC-MAIN-2026-34
aleph,ashby,https://jobs.ashbyhq.com/aleph/abdd59be-974f-4b0b-bf32-d6206d925fe9,CC-MAIN-2026-34
AlephAlpha,ashby,https://jobs.ashbyhq.com/AlephAlpha,CC-MAIN-2026-34
aletiq,ashby,https://jobs.ashbyhq.com/aletiq,CC-MAIN-2026-21
alexai,ashby,https://jobs.ashbyhq.com/alexai/c80f8b6d-4996-4d3a-ab5b-94121de33eb5?utm_source=645+Ventures+job+board&utm_medium=getro.com&gh_src=645+Ventures+job+board,CC-MAIN-2026-30
algo1,ashby,https://jobs.ashbyhq.com/algo1/5a6d4f94-11df-41e7-bd51-9aee3d350eae,CC-MAIN-2026-17
algorithmiq.fi,ashby,https://jobs.ashbyhq.com/algorithmiq.fi,CC-MAIN-2026-12
allarahealth,ashby,https://jobs.ashbyhq.com/allarahealth,CC-MAIN-2026-34
allen-control-systems,ashby,https://jobs.ashbyhq.com/allen-control-systems/1c0e859b-e24e-4aae-b68d-ae2ac26e8015/application?utm_id=13788505&utm_source=EEJobboard,CC-MAIN-2026-34
allica-bank,ashby,https://jobs.ashbyhq.com/allica-bank/04f6a90c-99c9-4c5c-8430-f0569d7f8469?utm_source=Technology+Crossover+Ventures+job+board&utm_medium=getro.com&gh_src=Technology+Crossover+Ventures+job+board,CC-MAIN-2026-34
allinbits,ashby,https://jobs.ashbyhq.com/allinbits,CC-MAIN-2026-21
allium,ashby,https://jobs.ashbyhq.com/allium/0e9cf833-0ae3-4314-abe4-20aece623aaa,CC-MAIN-2026-34
alljoined,ashby,https://jobs.ashbyhq.com/alljoined/12594e5d-7933-4496-a453-444e6ca73de3,CC-MAIN-2026-34
allminds,ashby,https://jobs.ashbyhq.com/allminds/18f10238-cdf9-48dd-b9e1-e590076cc2ab,CC-MAIN-2026-30
allocate,ashby,https://jobs.ashbyhq.com/allocate/fcb44898-270a-4c80-aff6-34e2c44e51b5,CC-MAIN-2026-34
alloyenterprises,ashby,https://jobs.ashbyhq.com/alloyenterprises,CC-MAIN-2026-30
alloyriver,ashby,https://jobs.ashbyhq.com/alloyriver/d07ca014-ee62-408d-a608-e4e5eb86654a?utm_source=Portage+job+board&utm_medium=getro.com&gh_src=Portage+job+board,CC-MAIN-2026-34
allspice,ashby,https://jobs.ashbyhq.com/allspice/99ded9f3-4de0-420e-bedb-5035c0b18905?utm_source=Benchstrength+job+board&utm_medium=getro.com&gh_src=Benchstrength+job+board,CC-MAIN-2026-25
almabase,ashby,https://jobs.ashbyhq.com/almabase/8754e4f9-9126-4d1d-8be3-7aa9221629d1/application,CC-MAIN-2026-17
almedia,ashby,https://jobs.ashbyhq.com/almedia/1a6a3655-3968-4e37-876f-2ab4ef932d89/application,CC-MAIN-2026-34
almetra,ashby,https://jobs.ashbyhq.com/almetra/5ac0de83-fd0f-4e16-8caa-656950e2e6f6,CC-MAIN-2026-34
alotten-inc,ashby,https://jobs.ashbyhq.com/alotten-inc/078a9f96-0b98-4bca-9011-1757ee6028a1,CC-MAIN-2026-12
Alpaca,ashby,https://jobs.ashbyhq.com/Alpaca/30ca14e5-1e4e-42b3-8a02-b43a0b808ff1,CC-MAIN-2026-34
alpacahealth,ashby,https://jobs.ashbyhq.com/alpacahealth,CC-MAIN-2026-34
alpenlabs,ashby,https://jobs.ashbyhq.com/alpenlabs/cd3728d9-1177-4805-a724-4560fcc74a0b?utm_source=Castle+Island+Ventures+job+board&utm_medium=getro.com&gh_src=Castle+Island+Ventures+job+board,CC-MAIN-2026-34
alpha-design-ai-inc,ashby,https://jobs.ashbyhq.com/alpha-design-ai-inc/cece2075-03a5-48b1-8ce7-a294455c56d9,CC-MAIN-2026-30
alphalifesci,ashby,https://jobs.ashbyhq.com/alphalifesci,CC-MAIN-2026-30
alpic,ashby,https://jobs.ashbyhq.com/alpic,CC-MAIN-2026-30
alta-ares,ashby,https://jobs.ashbyhq.com/alta-ares/00810c0c-02d1-4679-b3f5-9395107a75c4,CC-MAIN-2026-34
altera.al,ashby,https://jobs.ashbyhq.com/altera.al,CC-MAIN-2026-17
altercall,ashby,https://jobs.ashbyhq.com/altercall/26087ee8-68cd-41ef-8292-e8e2cae7265c,CC-MAIN-2026-12
alternativepayments,ashby,https://jobs.ashbyhq.com/alternativepayments/12c895c5-c6f0-45de-9950-032b985296f7,CC-MAIN-2026-34
altimate,ashby,https://jobs.ashbyhq.com/altimate/6ca069d6-6b02-4d0c-bc5a-453a27e9bff8?utm_source=Sierra+Ventures+job+board&utm_medium=getro.com&gh_src=Sierra+Ventures+job+board,CC-MAIN-2026-34
Altis%20Labs,ashby,https://jobs.ashbyhq.com/Altis%20Labs,CC-MAIN-2026-34
altruistiq,ashby,https://jobs.ashbyhq.com/altruistiq/8a9b1131-3a80-4e5b-bd4e-dca488924621,CC-MAIN-2026-30
altura,ashby,https://jobs.ashbyhq.com/altura,CC-MAIN-2026-34
alva-energy,ashby,https://jobs.ashbyhq.com/alva-energy,CC-MAIN-2026-25
amari,ashby,https://jobs.ashbyhq.com/amari/3b408a6c-b5fa-49f5-acfa-276e03eef664,CC-MAIN-2026-30
amber,ashby,https://jobs.ashbyhq.com/amber/,CC-MAIN-2026-21
ambiencehealthcare,ashby,https://jobs.ashbyhq.com/ambiencehealthcare,CC-MAIN-2026-34
ambient.ai,ashby,https://jobs.ashbyhq.com/ambient.ai,CC-MAIN-2026-34
amboss,ashby,https://jobs.ashbyhq.com/amboss/2539e502-4667-4423-b84a-f9ba56153561/application,CC-MAIN-2026-34
Ambral,ashby,https://jobs.ashbyhq.com/Ambral?utm_source=ambral_careers,CC-MAIN-2026-34
ambrook,ashby,https://jobs.ashbyhq.com/ambrook/148d910b-0539-4595-9438-7f67ca8c1ce5,CC-MAIN-2026-34
Ambrosia-Energy,ashby,https://jobs.ashbyhq.com/Ambrosia-Energy/8b2f2eb2-cbf8-4116-bffd-38e5c8c2e438?utm_source=buildlist&utm_medium=referral,CC-MAIN-2026-34
amca,ashby,https://jobs.ashbyhq.com/amca/00cb2a01-5969-4e5d-9017-82be31c2ca38,CC-MAIN-2026-34
ameba,ashby,https://jobs.ashbyhq.com/ameba?ref=startupjoblist,CC-MAIN-2026-30
amenitiz,ashby,https://jobs.ashbyhq.com/amenitiz/6354005f-3b08-4f60-9b03-8213a1121d1d?utm_id=13207186&utm_source=Post+Sales+%26+Customer+Success+Jobs,CC-MAIN-2026-34
americaachieves,ashby,https://jobs.ashbyhq.com/americaachieves,CC-MAIN-2026-21
American%20Terawatt,ashby,https://jobs.ashbyhq.com/American%20Terawatt/3c71a3cd-dfea-49d1-8fc2-fa30d378226b,CC-MAIN-2026-21
american-housing,ashby,https://jobs.ashbyhq.com/american-housing/0de16af3-067d-4631-91f7-83932854ec02,CC-MAIN-2026-30
americanoperator,ashby,https://jobs.ashbyhq.com/americanoperator/313c5e2a-fbfe-4f42-b52d-084a1de2fd24/application?utm_id=8418594&utm_source=FWDDeploy.com,CC-MAIN-2026-17
ami,ashby,https://jobs.ashbyhq.com/ami,CC-MAIN-2026-34
amidon,ashby,https://jobs.ashbyhq.com/amidon/1a84ff36-4064-470e-98ea-475a82a3746f,CC-MAIN-2026-34
amigo,ashby,https://jobs.ashbyhq.com/amigo/5af45760-d142-4bd0-a77c-351b9f1e8df1,CC-MAIN-2026-34
amo,ashby,https://jobs.ashbyhq.com/amo/37da8e2d-3dc2-4122-aa35-4189877811a4,CC-MAIN-2026-30
ampeers,ashby,https://jobs.ashbyhq.com/ampeers,CC-MAIN-2026-34
amper,ashby,https://jobs.ashbyhq.com/amper/7558bc15-ba71-4557-94b9-bbe4ca0fda8a,CC-MAIN-2026-34
amperos,ashby,https://jobs.ashbyhq.com/amperos/59be0a56-71d3-45ab-87a7-60400a5c9f68,CC-MAIN-2026-34
Ampersand,ashby,https://jobs.ashbyhq.com/Ampersand,CC-MAIN-2026-25
amplify,ashby,https://jobs.ashbyhq.com/amplify/4c912bb6-5e1f-49fb-b29b-e07b55bb8dc6?ref=remotework.FYI&src=remotework.FYI&utm_source=remotework.FYI&utm_campaign=remotework.FYI&source=remotework.FYI,CC-MAIN-2026-34
amplitude,ashby,https://jobs.ashbyhq.com/amplitude/98e13caf-f01a-4713-91f0-953b71f964ae,CC-MAIN-2026-34
amplo,ashby,https://jobs.ashbyhq.com/amplo,CC-MAIN-2026-25
Anagram,ashby,https://jobs.ashbyhq.com/Anagram,CC-MAIN-2026-34
anam,ashby,https://jobs.ashbyhq.com/anam/b9a4d38e-5bc3-41b8-98ce-b440c1afc86a?utm_source=SV+Angel+job+board&utm_medium=getro.com&gh_src=SV+Angel+job+board,CC-MAIN-2026-34
anara,ashby,https://jobs.ashbyhq.com/anara,CC-MAIN-2026-34
andela,ashby,https://jobs.ashbyhq.com/andela/48f523b9-24be-4f52-a5c8-cec201b49f79,CC-MAIN-2026-34
andercore,ashby,https://jobs.ashbyhq.com/andercore/8539fb7e-b56b-497c-a590-0cc21bc63e6a?utm_source=Everywhere+Ventures+job+board&utm_medium=getro.com&gh_src=Everywhere+Ventures+job+board,CC-MAIN-2026-34
ando,ashby,https://jobs.ashbyhq.com/ando,CC-MAIN-2026-34
andotechnologies,ashby,https://jobs.ashbyhq.com/andotechnologies/09c20092-4499-4b7f-99b0-a94fbcc3b52d,CC-MAIN-2026-34
andromeda,ashby,https://jobs.ashbyhq.com/andromeda/01f91399-50cc-47af-acbc-e3345aa6ae7e?utm_source=jobs.paradigm.xyz,CC-MAIN-2026-34
angelinvest,ashby,https://jobs.ashbyhq.com/angelinvest/1ebcfacf-5923-47dc-947d-107b5b822740?,CC-MAIN-2026-25
angi,ashby,https://jobs.ashbyhq.com/angi/d5f7cf23-0367-491f-a98d-4e8b3d34ac3a/application,CC-MAIN-2026-34
anglehealth,ashby,https://jobs.ashbyhq.com/anglehealth/3cfbbdd9-df56-4482-ada5-2b4a3ac2d051/application?utm_source=4ONzw3Qda5,CC-MAIN-2026-34
Anima,ashby,https://jobs.ashbyhq.com/Anima,CC-MAIN-2026-34
ankar,ashby,https://jobs.ashbyhq.com/ankar/9bccbebb-3a1a-480a-a71a-03d08d0c714d,CC-MAIN-2026-30
Ankorstore,ashby,https://jobs.ashbyhq.com/Ankorstore/a6d0da1b-ce7d-4a80-8e6b-7636046e88ea,CC-MAIN-2026-34
annaautismcare,ashby,https://jobs.ashbyhq.com/annaautismcare/bdef21ba-613b-4900-ad17-0957adec5edb?utm_source=Watershed+job+board&utm_medium=getro.com&gh_src=Watershed+job+board,CC-MAIN-2026-34
anomalo,ashby,https://jobs.ashbyhq.com/anomalo/61148bbd-7e10-4d97-b278-f9620bc43ea3,CC-MAIN-2026-25
Anomaly,ashby,https://jobs.ashbyhq.com/Anomaly,CC-MAIN-2026-25
anon,ashby,https://jobs.ashbyhq.com/anon/0d314a29-dfea-42b5-82f5-871cea603488,CC-MAIN-2026-34
anrok,ashby,https://jobs.ashbyhq.com/anrok/0663a54c-00f9-402f-a28d-a6d513f27d17,CC-MAIN-2026-34
ansiblehealth,ashby,https://jobs.ashbyhq.com/ansiblehealth/2475d4d7-7ed7-449e-a350-75eb5484b5db,CC-MAIN-2026-34
answersnow,ashby,https://jobs.ashbyhq.com/answersnow/e35a242b-7e7e-4d2e-a322-77bc1a584c48?utm_source=Kapor+Capital+job+board&utm_medium=getro.com&gh_src=Kapor+Capital+job+board,CC-MAIN-2026-34
Antares,ashby,https://jobs.ashbyhq.com/Antares,CC-MAIN-2026-34
anterior,ashby,https://jobs.ashbyhq.com/anterior,CC-MAIN-2026-34
anthelioncap,ashby,https://jobs.ashbyhq.com/anthelioncap/50d74acc-9b90-47d9-a69e-b714280d40c5,CC-MAIN-2026-12
Anthos%20Capital,ashby,https://jobs.ashbyhq.com/Anthos%20Capital,CC-MAIN-2026-34
antimetal,ashby,https://jobs.ashbyhq.com/antimetal/1f49cebc-ce5d-4c6d-b633-03e2bde2b0bb,CC-MAIN-2026-34
antithesis,ashby,https://jobs.ashbyhq.com/antithesis/02420778-a1e4-441c-9563-a3fee88f3f1f,CC-MAIN-2026-34
anuvaya,ashby,https://jobs.ashbyhq.com/anuvaya,CC-MAIN-2026-30
anyone-ai,ashby,https://jobs.ashbyhq.com/anyone-ai/17dfaaf7-e866-4121-b8bd-70996f764a02/application?utm_data=hiring.lat,CC-MAIN-2026-34
anyscale,ashby,https://jobs.ashbyhq.com/anyscale/503a08c2-80b1-4968-8dcf-06380453bcdb/application?utm_id=13630541&utm_source=FWDDeploy.com,CC-MAIN-2026-34
anysignal,ashby,https://jobs.ashbyhq.com/anysignal/15960e07-9f45-428a-a2c8-47143a396e1d?utm_source=BlueYard+Capital+job+board&utm_medium=getro.com&gh_src=BlueYard+Capital+job+board,CC-MAIN-2026-34
anysource,ashby,https://jobs.ashbyhq.com/anysource,CC-MAIN-2026-17
anything,ashby,https://jobs.ashbyhq.com/anything/6af7ed92-2390-4ef8-a9b3-3be3935307c5,CC-MAIN-2026-34
anyvan,ashby,https://jobs.ashbyhq.com/anyvan/15aa90d1-2828-4688-830e-dfde8b025f0f/application,CC-MAIN-2026-34
apella,ashby,https://jobs.ashbyhq.com/apella/acf138f0-51e7-421d-b6bc-54a0f5fbd328,CC-MAIN-2026-34
apex-technology-inc,ashby,https://jobs.ashbyhq.com/apex-technology-inc/0d7a8e7b-724d-4627-83e0-46a8b02ff003?utm_source=Upfront+Ventures+job+board&utm_medium=getro.com&gh_src=Upfront+Ventures+job+board,CC-MAIN-2026-34
apexgrowth,ashby,https://jobs.ashbyhq.com/apexgrowth,CC-MAIN-2026-34
APEXX,ashby,https://jobs.ashbyhq.com/APEXX/17be72a3-184d-4abc-aa2f-3bb717719249?utm_source=MMC+Ventures+job+board&utm_medium=getro.com&gh_src=MMC+Ventures+job+board,CC-MAIN-2026-34
apify,ashby,https://jobs.ashbyhq.com/apify,CC-MAIN-2026-34
aplazo,ashby,https://jobs.ashbyhq.com/aplazo/e9926e1b-cb64-4e7a-90a2-011a8a792338,CC-MAIN-2026-25
aplo.io,ashby,https://jobs.ashbyhq.com/aplo.io/f88a60cb-eb2a-4dfe-9045-9f0b5e794be0,CC-MAIN-2026-34
apolink,ashby,https://jobs.ashbyhq.com/apolink/65f1af51-43ef-4198-ac34-43abb20a1c7a,CC-MAIN-2026-30
apollo-graphql,ashby,https://jobs.ashbyhq.com/apollo-graphql/0486e500-55e4-4017-9074-565ec8f2054f,CC-MAIN-2026-34
apollo-information-systems,ashby,https://jobs.ashbyhq.com/apollo-information-systems/d7f9d915-a2ba-4099-b6ed-d8e2cd33b00e?utm_source=8XqwWRvlpQ,CC-MAIN-2026-34
applied,ashby,https://jobs.ashbyhq.com/applied/01dba94d-34b9-4d30-a7d3-82344bab609c,CC-MAIN-2026-34
Applied%20Compute,ashby,https://jobs.ashbyhq.com/Applied%20Compute,CC-MAIN-2026-30
Applied-Behavioral-Services,ashby,https://jobs.ashbyhq.com/Applied-Behavioral-Services,CC-MAIN-2026-21
appliedlabs,ashby,https://jobs.ashbyhq.com/appliedlabs/efc76cb7-e7a4-4e9e-a381-b15566496357,CC-MAIN-2026-34
applike-group,ashby,https://jobs.ashbyhq.com/applike-group/03af620f-bb59-42b5-9c72-f23ff12aa396,CC-MAIN-2026-30
appsmith,ashby,https://jobs.ashbyhq.com/appsmith/297f740b-493d-4a46-93e3-26d43b3e71dc,CC-MAIN-2026-25
appsumo,ashby,https://jobs.ashbyhq.com/appsumo,CC-MAIN-2026-34
april,ashby,https://jobs.ashbyhq.com/april/7e3dd139-bc4e-46e9-8908-4cab426bdb14?utm_source=NYCA+Partners+job+board&utm_medium=getro.com&gh_src=NYCA+Partners+job+board,CC-MAIN-2026-34
apron,ashby,https://jobs.ashbyhq.com/apron/2b4f4d1b-070b-4155-8964-ddfd03ae757b,CC-MAIN-2026-34
aptible,ashby,https://jobs.ashbyhq.com/aptible/07e5ed7d-4d7a-46db-afd2-1899cf72ff8c,CC-MAIN-2026-25
aptosfoundation,ashby,https://jobs.ashbyhq.com/aptosfoundation,CC-MAIN-2026-25
Aquant,ashby,https://jobs.ashbyhq.com/Aquant/d7227e92-6fdb-4238-867f-d07c1affad29?utm_source=Claltech+job+board&utm_medium=getro.com&gh_src=Claltech+job+board,CC-MAIN-2026-30
aquarianlp,ashby,https://jobs.ashbyhq.com/aquarianlp,CC-MAIN-2026-34
aquark,ashby,https://jobs.ashbyhq.com/aquark/365e7e9f-b9f1-401e-a260-387427f45c1d,CC-MAIN-2026-30
arago,ashby,https://jobs.ashbyhq.com/arago,CC-MAIN-2026-34
arb-interactive,ashby,https://jobs.ashbyhq.com/arb-interactive/3636a760-b6e3-445d-b2c8-0127c6568494/application,CC-MAIN-2026-34
arbiter-ai,ashby,https://jobs.ashbyhq.com/arbiter-ai,CC-MAIN-2026-34
arbitrumgamingventures,ashby,https://jobs.ashbyhq.com/arbitrumgamingventures,CC-MAIN-2026-17
Arbor,ashby,https://jobs.ashbyhq.com/Arbor/78972d7d-8135-44ea-afa6-60ac1fde1172/application,CC-MAIN-2026-34
arca,ashby,https://jobs.ashbyhq.com/arca,CC-MAIN-2026-30
arcada,ashby,https://jobs.ashbyhq.com/arcada/,CC-MAIN-2026-30
arcade,ashby,https://jobs.ashbyhq.com/arcade/e4a379e5-c522-433c-824d-6d92feb2aa4b,CC-MAIN-2026-34
arcade-ai,ashby,https://jobs.ashbyhq.com/arcade-ai/6e84d184-68f8-49fb-af3c-c4964c68fd21,CC-MAIN-2026-21
arcadeai,ashby,https://jobs.ashbyhq.com/arcadeai/1510d374-7d9e-4fd3-8ff2-ea91ab72ed42?utm_source=Garuda+Ventures++job+board&utm_medium=getro.com&gh_src=Garuda+Ventures++job+board,CC-MAIN-2026-34
Arch,ashby,https://jobs.ashbyhq.com/Arch/97df4451-4ec6-4bc5-a93a-ecfb59e0942d,CC-MAIN-2026-34
arch.co,ashby,https://jobs.ashbyhq.com/arch.co/0c2e3957-1e1d-4020-828f-eddd872e4aa0?utm_source=Menlo+Ventures+job+board&utm_medium=getro.com&gh_src=Menlo+Ventures+job+board,CC-MAIN-2026-34
archil,ashby,https://jobs.ashbyhq.com/archil,CC-MAIN-2026-34
architect,ashby,https://jobs.ashbyhq.com/architect,CC-MAIN-2026-25
archive,ashby,https://jobs.ashbyhq.com/archive/c9f70380-9552-4bc3-87c0-826551ef128c,CC-MAIN-2026-34
Archy,ashby,https://jobs.ashbyhq.com/Archy/0a198d0b-2cf4-4654-afb2-ef949a94635d,CC-MAIN-2026-34
arclight-consulting,ashby,https://jobs.ashbyhq.com/arclight-consulting,CC-MAIN-2026-34
arcturus,ashby,https://jobs.ashbyhq.com/arcturus,CC-MAIN-2026-30
ardea-partners,ashby,https://jobs.ashbyhq.com/ardea-partners,CC-MAIN-2026-34
arena,ashby,https://jobs.ashbyhq.com/arena,CC-MAIN-2026-34
arenanet,ashby,https://jobs.ashbyhq.com/arenanet/b70f614b-adc7-4019-8bef-f8cb284b8cf1,CC-MAIN-2026-30
argon-ai,ashby,https://jobs.ashbyhq.com/argon-ai,CC-MAIN-2026-34
argus,ashby,https://jobs.ashbyhq.com/argus,CC-MAIN-2026-34
arizent,ashby,https://jobs.ashbyhq.com/arizent/8e0ead02-0a77-46ea-8ef3-8db8f2b36b32,CC-MAIN-2026-21
arketa,ashby,https://jobs.ashbyhq.com/arketa/050c687d-3a03-4ed2-929f-3277bc7502ee/application,CC-MAIN-2026-34
Arlo,ashby,https://jobs.ashbyhq.com/Arlo/1429423a-a98b-459d-8d89-b80e0862ab8c?utm_source=8VC+job+board&utm_medium=getro.com&gh_src=8VC+job+board,CC-MAIN-2026-34
Armory,ashby,https://jobs.ashbyhq.com/Armory,CC-MAIN-2026-34
aro.homes,ashby,https://jobs.ashbyhq.com/aro.homes/0f2426d5-c251-4cc2-b80b-96ca2d4ce00b/application,CC-MAIN-2026-34
ARQ,ashby,https://jobs.ashbyhq.com/ARQ/0e1b37cb-7344-42c2-b655-5dacc55e1560?utm_source=Castle+Island+Ventures+job+board&utm_medium=getro.com&gh_src=Castle+Island+Ventures+job+board,CC-MAIN-2026-34
Arrakis,ashby,https://jobs.ashbyhq.com/Arrakis/1024b3a9-bf05-45ca-842e-eb276055b83f,CC-MAIN-2026-17
array-behavioral-care,ashby,https://jobs.ashbyhq.com/array-behavioral-care/49cf3a4e-0026-48c1-a1ec-183c7a9063de?utm_source=OCA+Ventures+job+board&utm_medium=getro.com&gh_src=OCA+Ventures+job+board,CC-MAIN-2026-34
artafinance,ashby,https://jobs.ashbyhq.com/artafinance/89a647d8-0b62-4659-85af-5c9397f7a814?utm_source=B+Capital+job+board&utm_medium=getro.com&gh_src=B+Capital+job+board,CC-MAIN-2026-34
artemis,ashby,https://jobs.ashbyhq.com/artemis,CC-MAIN-2026-34
artemisanalytics,ashby,https://jobs.ashbyhq.com/artemisanalytics/04f756d4-4e35-4156-ad5b-d9b5f02ff5db,CC-MAIN-2026-25
Artemisxyz,ashby,https://jobs.ashbyhq.com/Artemisxyz/79c781f6-f176-47b4-9993-94f76438a17c?ref=myweb3jobs.com,CC-MAIN-2026-25
artian,ashby,https://jobs.ashbyhq.com/artian/248514e2-45a6-45d6-b233-c55aae1cf37b/application,CC-MAIN-2026-34
articul8,ashby,https://jobs.ashbyhq.com/articul8/91b8c1d6-c9a4-4919-b269-eac696306b1d,CC-MAIN-2026-34
artie,ashby,https://jobs.ashbyhq.com/artie,CC-MAIN-2026-34
artificial.agency,ashby,https://jobs.ashbyhq.com/artificial.agency/8e88e76b-f839-43b7-bcf0-2863af742112,CC-MAIN-2026-34
artisan,ashby,https://jobs.ashbyhq.com/artisan/229d8547-1efe-44e8-829f-b622706c24fc,CC-MAIN-2026-34
artsy,ashby,https://jobs.ashbyhq.com/artsy/1a8428ca-8c34-4366-a660-d0ae85443863,CC-MAIN-2026-34
aryahealth.ai,ashby,https://jobs.ashbyhq.com/aryahealth.ai,CC-MAIN-2026-34
asari.ai,ashby,https://jobs.ashbyhq.com/asari.ai,CC-MAIN-2026-34
ascend,ashby,https://jobs.ashbyhq.com/ascend,CC-MAIN-2026-34
ascend-io,ashby,https://jobs.ashbyhq.com/ascend-io/7e211c94-95de-4b15-b950-8192ce7087ed,CC-MAIN-2026-34
ascertain,ashby,https://jobs.ashbyhq.com/ascertain/8585e400-f993-46ef-b443-2ad6bbe485b9/application?utm_id=9992479&utm_source=FWDDeploy.com,CC-MAIN-2026-25
ashby,ashby,https://jobs.ashbyhq.com/ashby/,CC-MAIN-2026-34
ashgro,ashby,https://jobs.ashbyhq.com/ashgro/5071c238-b98d-4a9b-9c30-b026f2c114f7,CC-MAIN-2026-21
asimov,ashby,https://jobs.ashbyhq.com/asimov,CC-MAIN-2026-34
askdragonfly,ashby,https://jobs.ashbyhq.com/askdragonfly,CC-MAIN-2026-25
aso-careers,ashby,https://jobs.ashbyhq.com/aso-careers,CC-MAIN-2026-25
aspora,ashby,https://jobs.ashbyhq.com/aspora/4ebd79ed-8124-4664-9125-9d9d10fb16ae/application,CC-MAIN-2026-34
assemble,ashby,https://jobs.ashbyhq.com/assemble,CC-MAIN-2026-25
assembledhq,ashby,https://jobs.ashbyhq.com/assembledhq/1e6165e1-4274-4ed6-9410-5ebb05639486/application?utm_id=13332654&utm_source=San+Francisco+Job+Board,CC-MAIN-2026-34
assorthealth,ashby,https://jobs.ashbyhq.com/assorthealth/058818ff-d3e3-4e54-b873-77d25055777e,CC-MAIN-2026-34
assured,ashby,https://jobs.ashbyhq.com/assured/e32471d6-ed9f-4567-b8bb-e600b67176b8,CC-MAIN-2026-34
astera,ashby,https://jobs.ashbyhq.com/astera/131b58e9-ca63-4d90-911b-3e4a88c5d65c,CC-MAIN-2026-25
asteriAI,ashby,https://jobs.ashbyhq.com/asteriAI,CC-MAIN-2026-17
astra,ashby,https://jobs.ashbyhq.com/astra/1dd44226-c940-482b-9def-486fbadd38ed,CC-MAIN-2026-25
Astral,ashby,https://jobs.ashbyhq.com/Astral/a357ab40-9da5-4474-acc7-5888804c69ac,CC-MAIN-2026-25
Astro-Mechanica,ashby,https://jobs.ashbyhq.com/Astro-Mechanica/0a89c9a7-0b06-4bce-9847-684abe578c90,CC-MAIN-2026-25
astronomer,ashby,https://jobs.ashbyhq.com/astronomer/01976be2-0e8a-43b3-9c2b-1937ee5eb5b7,CC-MAIN-2026-25
asula,ashby,https://jobs.ashbyhq.com/asula,CC-MAIN-2026-17
asymmetric.re,ashby,https://jobs.ashbyhq.com/asymmetric.re,CC-MAIN-2026-25
atalanta,ashby,https://jobs.ashbyhq.com/atalanta/5724b436-168d-44a4-acfb-5746e4dd3826,CC-MAIN-2026-25
ataraxis-ai,ashby,https://jobs.ashbyhq.com/ataraxis-ai,CC-MAIN-2026-25
ATG,ashby,https://jobs.ashbyhq.com/ATG,CC-MAIN-2026-25
athenaactuarial,ashby,https://jobs.ashbyhq.com/athenaactuarial,CC-MAIN-2026-25
atlan,ashby,https://jobs.ashbyhq.com/atlan/8d7a6bd1-1b4d-4049-b42b-089fa359a788,CC-MAIN-2026-25
atlas,ashby,https://jobs.ashbyhq.com/atlas,CC-MAIN-2026-25
atlas-privacy,ashby,https://jobs.ashbyhq.com/atlas-privacy,CC-MAIN-2026-21
atlasonc,ashby,https://jobs.ashbyhq.com/atlasonc/1fe16000-5bcc-4e24-a72e-e20c3f088094,CC-MAIN-2026-25
atlasresidential,ashby,https://jobs.ashbyhq.com/atlasresidential,CC-MAIN-2026-17
atmoicindustries,ashby,https://jobs.ashbyhq.com/atmoicindustries/?ref=interestinggigs.com,CC-MAIN-2026-21
atob,ashby,https://jobs.ashbyhq.com/atob/0154fa2a-1b7a-481b-94ee-84b3929702f2?utm_source=Leadout+Capital+job+board&utm_medium=getro.com&gh_src=Leadout+Capital+job+board,CC-MAIN-2026-25
Atolio,ashby,https://jobs.ashbyhq.com/Atolio,CC-MAIN-2026-17
atomic,ashby,https://jobs.ashbyhq.com/atomic/6b7272e8-55eb-46b5-85b8-91ace0dd6349,CC-MAIN-2026-25
atomic-financial,ashby,https://jobs.ashbyhq.com/atomic-financial/262ce03e-06b2-4960-a280-2484695ccf9c,CC-MAIN-2026-25
atomic-invest,ashby,https://jobs.ashbyhq.com/atomic-invest/241de06e-858d-4e52-b3ac-43bc7c024176?utm_source=Collide+Capital+job+board&utm_medium=getro.com&gh_src=Collide+Capital+job+board,CC-MAIN-2026-21
atomicindustries,ashby,https://jobs.ashbyhq.com/atomicindustries/591624e7-4b8e-4d2c-a35f-8e618ab1e488,CC-MAIN-2026-25
AtomicSemi,ashby,https://jobs.ashbyhq.com/AtomicSemi,CC-MAIN-2026-25
atrato,ashby,https://jobs.ashbyhq.com/atrato,CC-MAIN-2026-25
atroposhealth,ashby,https://jobs.ashbyhq.com/atroposhealth,CC-MAIN-2026-25
attention,ashby,https://jobs.ashbyhq.com/attention,CC-MAIN-2026-25
atticus,ashby,https://jobs.ashbyhq.com/atticus/37661fa1-aef8-4cb3-854d-7bc5e8e7fc3d?utm_source=ngxJyLXgEY,CC-MAIN-2026-25
attio,ashby,https://jobs.ashbyhq.com/attio/61fd6f21-a5a1-4183-b8d1-d5356a21389d,CC-MAIN-2026-21
auctor,ashby,https://jobs.ashbyhq.com/auctor/048caf77-1ca5-4193-9fa7-2af9b7f1889f,CC-MAIN-2026-25
audiohook,ashby,https://jobs.ashbyhq.com/audiohook,CC-MAIN-2026-25
auditboard,ashby,https://jobs.ashbyhq.com/auditboard/2d286a54-ccc6-46bf-b936-316e514594da?utm_source=Alkeon+Capital+job+board&utm_medium=getro.com&gh_src=Alkeon+Capital+job+board,CC-MAIN-2026-25
aufinity-group-gmbh,ashby,https://jobs.ashbyhq.com/aufinity-group-gmbh/13e4c11a-0111-4946-a516-faf1b1963810,CC-MAIN-2026-25
auger,ashby,https://jobs.ashbyhq.com/auger/760db65a-95e6-4bdd-8d45-201a8a90228f?utm_source=Oak+HC%2FFT+job+board&utm_medium=getro.com&gh_src=Oak+HC%2FFT+job+board,CC-MAIN-2026-25
augmodo,ashby,https://jobs.ashbyhq.com/augmodo/3f603107-47f5-4109-b07c-cc62fcd6bffc,CC-MAIN-2026-21
august,ashby,https://jobs.ashbyhq.com/august/089e48ab-b554-4ebe-872f-1312b6cdcc52,CC-MAIN-2026-25
august-health,ashby,https://jobs.ashbyhq.com/august-health/d74417db-8aa3-429c-84a2-89730a368809?utm_source=Moxxie+job+board&utm_medium=getro.com&gh_src=Moxxie+job+board,CC-MAIN-2026-25
aurelian,ashby,https://jobs.ashbyhq.com/aurelian/5b56fe6d-ee8c-479b-b324-89c38e14c3da,CC-MAIN-2026-25
aureliussystems,ashby,https://jobs.ashbyhq.com/aureliussystems/04bfa734-768c-49f5-b6c1-85bbb2ee7e24?utm_source=Detroit+Venture+Partners+job+board&utm_medium=getro.com&gh_src=Detroit+Venture+Partners+job+board,CC-MAIN-2026-25
auror,ashby,https://jobs.ashbyhq.com/auror,CC-MAIN-2026-25
aurorasolar,ashby,https://jobs.ashbyhq.com/aurorasolar/1c85e93d-a8c6-4b06-8f7a-dbb434276dc8/application,CC-MAIN-2026-25
authenticins,ashby,https://jobs.ashbyhq.com/authenticins/fdb390ea-7f2f-4f22-baef-a548dce3e883?utm_source=arpanajmera.beehiiv.com&utm_medium=referral&utm_campaign=edition-2-join-the-buzz,CC-MAIN-2026-21
authzed,ashby,https://jobs.ashbyhq.com/authzed/168d6ddd-5d71-41bd-a7f0-996ff191bce3,CC-MAIN-2026-25
automat,ashby,https://jobs.ashbyhq.com/automat/5c9a8eae-0705-48b6-9b7a-8d752146feb0/application,CC-MAIN-2026-21
autonomybio,ashby,https://jobs.ashbyhq.com/autonomybio,CC-MAIN-2026-21
autoscience,ashby,https://jobs.ashbyhq.com/autoscience/323b577d-3150-4696-be85-b25e488fc2f5,CC-MAIN-2026-21
ava-labs,ashby,https://jobs.ashbyhq.com/ava-labs/c735a2d2-b1e8-44cc-8924-d41ff4611cf6?utm_source=findweb3.com,CC-MAIN-2026-21
avala,ashby,https://jobs.ashbyhq.com/avala/047c26ac-bdb0-429b-b7d4-92ea7ed92600?utm_source=MaC+Venture+Capital+job+board&utm_medium=getro.com&gh_src=MaC+Venture+Capital+job+board,CC-MAIN-2026-21
avalanchefusion,ashby,https://jobs.ashbyhq.com/avalanchefusion/3fe5097e-d699-4a0a-854c-46a3b93c7bd5?utm_source=buildlist.xyz,CC-MAIN-2026-21
avelios-medical,ashby,https://jobs.ashbyhq.com/avelios-medical,CC-MAIN-2026-21
Aven,ashby,https://jobs.ashbyhq.com/Aven/080ed0d5-131d-4637-99b8-40ab2256c21a?utm_source=NYCA+Partners+job+board&utm_medium=getro.com&gh_src=NYCA+Partners+job+board,CC-MAIN-2026-21
aVenture,ashby,https://jobs.ashbyhq.com/aVenture,CC-MAIN-2026-12
avid4,ashby,https://jobs.ashbyhq.com/avid4/434b5518-4f6d-4da6-953c-4e80343b1184/application?utm_id=2158137&utm_source=Get+Outdoor+Jobs,CC-MAIN-2026-21
avida,ashby,https://jobs.ashbyhq.com/avida,CC-MAIN-2026-21
avoca,ashby,https://jobs.ashbyhq.com/avoca,CC-MAIN-2026-21
avra,ashby,https://jobs.ashbyhq.com/avra/4410365b-ba78-44aa-a676-6f76d3ce7180,CC-MAIN-2026-21
away,ashby,https://jobs.ashbyhq.com/away/0a26d02f-b8c9-49ec-989c-5e8009e9031f,CC-MAIN-2026-21
awesomic.com,ashby,https://jobs.ashbyhq.com/awesomic.com/56547ffb-6e97-4a24-974e-f85474bbee2f/application,CC-MAIN-2026-17
axelera,ashby,https://jobs.ashbyhq.com/axelera/05bb07ad-7fa9-48df-88fa-e7d0ffa9a509?departmentId=4b2162d4-9993-4931-a3a3-83323c608870,CC-MAIN-2026-21
axiom,ashby,https://jobs.ashbyhq.com/axiom/363ab5a7-499a-48b6-9ed1-ebb44df570a4,CC-MAIN-2026-21
axiom-co,ashby,https://jobs.ashbyhq.com/axiom-co/8b140e3f-0c32-486b-99fc-befe35279e2e?utm_source=Crane+Venture+Partners+job+board&utm_medium=getro.com&gh_src=Crane+Venture+Partners+job+board,CC-MAIN-2026-21
axiombio,ashby,https://jobs.ashbyhq.com/axiombio,CC-MAIN-2026-21
axion,ashby,https://jobs.ashbyhq.com/axion/2185eae0-5ab7-4589-89b8-a7faa14221af,CC-MAIN-2026-21
axionray,ashby,https://jobs.ashbyhq.com/axionray/04010615-50eb-471c-81e5-2365370932eb?utm_source=Inspired+Capital+job+board&utm_medium=getro.com&gh_src=Inspired+Capital+job+board,CC-MAIN-2026-21
axle-careers,ashby,https://jobs.ashbyhq.com/axle-careers/a07d420e-be93-445d-91d5-6bdb4f2bced9?utm_source=Accel+job+board&utm_medium=getro.com&gh_src=Accel+job+board,CC-MAIN-2026-21
axle-health,ashby,https://jobs.ashbyhq.com/axle-health/7cbdab6e-7c4f-47ca-882f-28760567ac05?utm_source=M5B6xxg9ra,CC-MAIN-2026-21
axlora,ashby,https://jobs.ashbyhq.com/axlora/1bf9c421-cbaf-4850-b30e-f6fc1ac3c532,CC-MAIN-2026-12
baba,ashby,https://jobs.ashbyhq.com/baba,CC-MAIN-2026-21
babylonchain,ashby,https://jobs.ashbyhq.com/babylonchain/e098e7d2-f074-4460-b9c9-d274aab8e015,CC-MAIN-2026-17
babylonlabs,ashby,https://jobs.ashbyhq.com/babylonlabs/85c9f318-ab92-48c9-bbc2-c96ddd873e39,CC-MAIN-2026-21
backflip.ai,ashby,https://jobs.ashbyhq.com/backflip.ai,CC-MAIN-2026-21
backmarket,ashby,https://jobs.ashbyhq.com/backmarket/607da213-6ce2-4c5b-9dbc-c49be4c40d8e?utm_source=+XePraqlpG5,CC-MAIN-2026-21
bankjoy,ashby,https://jobs.ashbyhq.com/bankjoy/0aba45f4-39b3-4ffb-86a0-ceaf7d1ad4a8,CC-MAIN-2026-17
bariendo,ashby,https://jobs.ashbyhq.com/bariendo/1a80a78f-e66f-4a42-bf18-ad24af06ab59,CC-MAIN-2026-12
barkbus,ashby,https://jobs.ashbyhq.com/barkbus/938e5639-3f03-4e0d-b880-7b9cfa36824e,CC-MAIN-2026-21
barnes,ashby,https://jobs.ashbyhq.com/barnes/a4adf83b-4989-4214-9bfd-22e4476634fa?departmentId=40fb97c6-734c-4f3a-af28-b9b87743b272,CC-MAIN-2026-21
basata,ashby,https://jobs.ashbyhq.com/basata/5769e377-52ff-48ac-bb88-7447740ffdd6,CC-MAIN-2026-21
Base,ashby,https://jobs.ashbyhq.com/Base,CC-MAIN-2026-21
base-operations,ashby,https://jobs.ashbyhq.com/base-operations/27463864-280d-448a-97a7-ad648dfd508f/application,CC-MAIN-2026-21
base-power,ashby,https://jobs.ashbyhq.com/base-power/2c2e2c41-e1e5-4d68-ba39-5fd99056435f?utm_source=MCJ+job+board&utm_medium=getro.com&gh_src=MCJ+job+board,CC-MAIN-2026-21
baseten,ashby,https://jobs.ashbyhq.com/baseten,CC-MAIN-2026-21
basiccapital,ashby,https://jobs.ashbyhq.com/basiccapital/212c59c7-68ee-4b54-8989-fcae774b6332,CC-MAIN-2026-21
basis-ai,ashby,https://jobs.ashbyhq.com/basis-ai,CC-MAIN-2026-21
basis-research,ashby,https://jobs.ashbyhq.com/basis-research,CC-MAIN-2026-21
bastion,ashby,https://jobs.ashbyhq.com/bastion/226dd6ee-1852-4a82-bb9c-9e21fcd08637/application,CC-MAIN-2026-21
Baton,ashby,https://jobs.ashbyhq.com/Baton/1642142c-7900-45bc-93f0-0cb5a337d2c8,CC-MAIN-2026-21
batoncorporation,ashby,https://jobs.ashbyhq.com/batoncorporation,CC-MAIN-2026-17
battle-creek-games,ashby,https://jobs.ashbyhq.com/battle-creek-games/82a6af29-7551-42cc-bd67-45f6d37e73fe,CC-MAIN-2026-17
bayesianhealth,ashby,https://jobs.ashbyhq.com/bayesianhealth,CC-MAIN-2026-21
beaconai,ashby,https://jobs.ashbyhq.com/beaconai/1bb430ea-4c18-4117-84c1-7c803e8542f4?utm_source=Humba+Ventures+job+board&utm_medium=getro.com&gh_src=Humba+Ventures+job+board,CC-MAIN-2026-21
beacons,ashby,https://jobs.ashbyhq.com/beacons/4b3b69f8-9b99-4aa0-92ef-854b55b7e248/application?utm_id=2108591&utm_source=San+Francisco+Job+Board,CC-MAIN-2026-17
beakon,ashby,https://jobs.ashbyhq.com/beakon,CC-MAIN-2026-21
beam,ashby,https://jobs.ashbyhq.com/beam/0491a0de-35cf-4e5c-8477-25c47ef48c33?utm_source=Susa+Ventures+job+board&utm_medium=getro.com&gh_src=Susa+Ventures+job+board,CC-MAIN-2026-21
beam-up,ashby,https://jobs.ashbyhq.com/beam-up/207e3b4d-ead5-4dc8-8482-5a379606736b?utm_source=MMC+Ventures+job+board&utm_medium=getro.com&gh_src=MMC+Ventures+job+board,CC-MAIN-2026-21
beamery,ashby,https://jobs.ashbyhq.com/beamery/0d03ee18-3d57-4776-9190-9193c7202a27?ref=pyjobs.com&utm_source=pyjobs.com&utm_medium=website,CC-MAIN-2026-17
beamimpact,ashby,https://jobs.ashbyhq.com/beamimpact,CC-MAIN-2026-17
bear,ashby,https://jobs.ashbyhq.com/bear/ec49d48f-3ae6-4685-bff7-d72748cd1d5b,CC-MAIN-2026-21
beavr,ashby,https://jobs.ashbyhq.com/beavr,CC-MAIN-2026-21
bedrock,ashby,https://jobs.ashbyhq.com/bedrock,CC-MAIN-2026-17
bedrock-robotics,ashby,https://jobs.ashbyhq.com/bedrock-robotics/037d1d43-2033-41d2-abe0-92586f1bf565?utm_source=Emergence+Capital+job+board&utm_medium=getro.com&gh_src=Emergence+Capital+job+board,CC-MAIN-2026-21
bedrockocean,ashby,https://jobs.ashbyhq.com/bedrockocean/060e7403-166b-41f4-83db-2d3ba6d6f5e6?utm_source=Eniac+Ventures+job+board&utm_medium=getro.com&gh_src=Eniac+Ventures+job+board,CC-MAIN-2026-21
beeper,ashby,https://jobs.ashbyhq.com/beeper,CC-MAIN-2026-17
believer,ashby,https://jobs.ashbyhq.com/believer/89e510bf-c590-4f17-9f93-cfcce23c39b3?utm_source=BITKRAFT+Ventures+job+board&utm_medium=getro.com&gh_src=BITKRAFT+Ventures+job+board,CC-MAIN-2026-12
belvo,ashby,https://jobs.ashbyhq.com/belvo/e790f632-492c-4283-8089-d122229aa6f6?utm_source=Quona+Capital+job+board&utm_medium=getro.com&gh_src=Quona+Capital+job+board,CC-MAIN-2026-21
bem,ashby,https://jobs.ashbyhq.com/bem,CC-MAIN-2026-21
ben,ashby,https://jobs.ashbyhq.com/ben/436bcfbd-78f2-426d-b5c2-a49414e93368/application,CC-MAIN-2026-21
bench,ashby,https://jobs.ashbyhq.com/bench,CC-MAIN-2026-21
benchling,ashby,https://jobs.ashbyhq.com/benchling/0229ae3c-438c-419b-a283-48450e041810?utm_source=Menlo+Ventures+job+board&utm_medium=getro.com&gh_src=Menlo+Ventures+job+board,CC-MAIN-2026-21
benepass,ashby,https://jobs.ashbyhq.com/benepass/40fd20bc-f016-4c40-84b6-195da6d206f2?utm_source=Threshold+job+board&utm_medium=getro.com&gh_src=Threshold+job+board,CC-MAIN-2026-21
beside,ashby,https://jobs.ashbyhq.com/beside/0d918d3b-558f-4bae-b260-d8bb30870376,CC-MAIN-2026-21
bespokelabs,ashby,https://jobs.ashbyhq.com/bespokelabs,CC-MAIN-2026-21
bestow,ashby,https://jobs.ashbyhq.com/bestow/0bf56d94-c6e7-4cbd-9dac-688b1230c0af?utm_source=Morpheus+job+board&utm_medium=getro.com&gh_src=Morpheus+job+board,CC-MAIN-2026-21
bettercloud,ashby,https://jobs.ashbyhq.com/bettercloud/1f5bcc25-824f-41e5-ac8a-26aa67912074?utm_source=Accel+job+board&utm_medium=getro.com&gh_src=Accel+job+board,CC-MAIN-2026-21
bettermile,ashby,https://jobs.ashbyhq.com/bettermile/88cfd1dd-c252-4991-ab34-835daf53e5f2,CC-MAIN-2026-17
bettermoney,ashby,https://jobs.ashbyhq.com/bettermoney/,CC-MAIN-2026-21
betterup,ashby,https://jobs.ashbyhq.com/betterup/1169777e-936e-46e4-b974-ff496a2f97cc?utm_source=Freestyle+Capital+job+board&utm_medium=getro.com&gh_src=Freestyle+Capital+job+board,CC-MAIN-2026-21
bevel,ashby,https://jobs.ashbyhq.com/bevel/1d99f925-e17c-49f5-b83b-2dd0c7ea2b45/application,CC-MAIN-2026-21
beyondmath,ashby,https://jobs.ashbyhq.com/beyondmath,CC-MAIN-2026-17
Bhblasted,ashby,https://jobs.ashbyhq.com/Bhblasted,CC-MAIN-2026-21
biconomy,ashby,https://jobs.ashbyhq.com/biconomy/00eb570d-51c1-41e5-90d9-1dd4f41777d9?utm_source=CoinFund+job+board&utm_medium=getro.com&gh_src=CoinFund+job+board,CC-MAIN-2026-21
Bifrost,ashby,https://jobs.ashbyhq.com/Bifrost/9129008e-adbc-4b93-9bf4-c67d65264143,CC-MAIN-2026-21
big-leap-health,ashby,https://jobs.ashbyhq.com/big-leap-health/59f880c2-120a-4b6b-9570-2bb66077713a,CC-MAIN-2026-21
biggergames,ashby,https://jobs.ashbyhq.com/biggergames,CC-MAIN-2026-21
billie,ashby,https://jobs.ashbyhq.com/billie/3f7049df-f33f-40cd-82ea-6d5309688b1e?utm_source=Dawn+Capital+LLP+job+board&utm_medium=getro.com&gh_src=Dawn+Capital+LLP+job+board,CC-MAIN-2026-21
billups,ashby,https://jobs.ashbyhq.com/billups,CC-MAIN-2026-21
binalyze,ashby,https://jobs.ashbyhq.com/binalyze/form/general-talent-pool?hsCtaAttrib=179903981894,CC-MAIN-2026-21
binance.us,ashby,https://jobs.ashbyhq.com/binance.us,CC-MAIN-2026-21
Bind,ashby,https://jobs.ashbyhq.com/Bind/1042f0a5-fbc9-4d5f-be5c-614bbc97494c?ref=reactjobs.io,CC-MAIN-2026-17
binti,ashby,https://jobs.ashbyhq.com/binti/546ee34b-a6ff-479b-972b-350c94c26426?embed=js&utm_source=SV+Angel+job+board&utm_medium=getro.com&gh_src=SV+Angel+job+board,CC-MAIN-2026-21
bio,ashby,https://jobs.ashbyhq.com/bio/363df25d-93f4-4525-8dc9-2d49dc84287d,CC-MAIN-2026-21
bioptimizers,ashby,https://jobs.ashbyhq.com/bioptimizers/133d2148-e8e0-41fc-b3e3-05fb0c272b9e,CC-MAIN-2026-17
biorender,ashby,https://jobs.ashbyhq.com/biorender/87b657d2-e374-45b8-9837-a4b973a5f067/application?utm_id=2499564&utm_source=Remote+Beast,CC-MAIN-2026-21
Bioscope%20AI,ashby,https://jobs.ashbyhq.com/Bioscope%20AI,CC-MAIN-2026-21
birdie,ashby,https://jobs.ashbyhq.com/birdie/a67538ac-c320-4119-8121-1c66d629ba43,CC-MAIN-2026-21
bitewell,ashby,https://jobs.ashbyhq.com/bitewell,CC-MAIN-2026-17
bitnomial,ashby,https://jobs.ashbyhq.com/bitnomial,CC-MAIN-2026-21
bitstack,ashby,https://jobs.ashbyhq.com/bitstack/a3f81890-0c10-45ed-99bb-85e0a0e69341?utm_source=mobile_career&utm_medium=job_board,CC-MAIN-2026-21
bitvavo,ashby,https://jobs.ashbyhq.com/bitvavo,CC-MAIN-2026-17
bivacor-inc,ashby,https://jobs.ashbyhq.com/bivacor-inc,CC-MAIN-2026-17
bjak,ashby,https://jobs.ashbyhq.com/bjak/175e2810-b935-4c36-b5f1-1661cbe4c753?ref=remotework.FYI&src=remotework.FYI&utm_source=remotework.FYI&utm_campaign=remotework.FYI&source=remotework.FYI,CC-MAIN-2026-21
bjakcareer,ashby,https://jobs.ashbyhq.com/bjakcareer/04507dd6-74f1-4fb2-838e-31f8d26b37d9?ref=www.moaijobs.com,CC-MAIN-2026-21
blackbird-labs-inc,ashby,https://jobs.ashbyhq.com/blackbird-labs-inc/24665141-3697-4e5f-807f-c326c01f19b9,CC-MAIN-2026-21
blackbox-strategies,ashby,https://jobs.ashbyhq.com/blackbox-strategies,CC-MAIN-2026-12
Blackpoint%20Cyber,ashby,https://jobs.ashbyhq.com/Blackpoint%20Cyber/15db94c6-d0d9-4f15-94c6-8106996d4bc5,CC-MAIN-2026-21
Blacksmith,ashby,https://jobs.ashbyhq.com/Blacksmith/087f0427-662b-4d09-8097-58df5013101b,CC-MAIN-2026-21
Blacksmith%20Agency,ashby,https://jobs.ashbyhq.com/Blacksmith%20Agency/233ddd16-4a04-431c-a623-a190dbcb66d0,CC-MAIN-2026-21
bland,ashby,https://jobs.ashbyhq.com/bland/1b6ba073-5a7a-45ad-afb8-f12dbc6eab7a?utm_source=Upfront+Ventures+job+board&utm_medium=getro.com&gh_src=Upfront+Ventures+job+board,CC-MAIN-2026-21
bland-ai,ashby,https://jobs.ashbyhq.com/bland-ai?ref=jobs.supporthuman.cx,CC-MAIN-2026-21
blank-metal,ashby,https://jobs.ashbyhq.com/blank-metal/754717ef-2304-4f88-9f2b-d3fca6cb0715?utm_source=Rally+Ventures+job+board&utm_medium=getro.com&gh_src=Rally+Ventures+job+board,CC-MAIN-2026-21
blast-io,ashby,https://jobs.ashbyhq.com/blast-io/579e3996-df0b-4945-a604-98ebb5c3b3f5?utm_source=Paradigm+job+board&utm_medium=getro.com&gh_src=Paradigm+job+board,CC-MAIN-2026-17
blaxel,ashby,https://jobs.ashbyhq.com/blaxel,CC-MAIN-2026-17
blink,ashby,https://jobs.ashbyhq.com/blink/9ae43644-282e-4ed1-9cc4-6a97a2ab5da5?utm_source=remotive.com&ref=remotive.com,CC-MAIN-2026-12
bliro,ashby,https://jobs.ashbyhq.com/bliro,CC-MAIN-2026-21
blissway,ashby,https://jobs.ashbyhq.com/blissway,CC-MAIN-2026-21
block-labs,ashby,https://jobs.ashbyhq.com/block-labs/4a9e714d-bfdf-4eb6-886f-7928ebb8353a?ref=reactjobs.io,CC-MAIN-2026-12
blockdaemon,ashby,https://jobs.ashbyhq.com/blockdaemon/3be42caf-a079-4417-a2ff-4b1ce30c5fbd?utm_source=CoinFund+job+board&utm_medium=getro.com&gh_src=CoinFund+job+board,CC-MAIN-2026-21
blockhouse,ashby,https://jobs.ashbyhq.com/blockhouse,CC-MAIN-2026-21
blockit,ashby,https://jobs.ashbyhq.com/blockit,CC-MAIN-2026-21
blockparty,ashby,https://jobs.ashbyhq.com/blockparty,CC-MAIN-2026-12
blockstream,ashby,https://jobs.ashbyhq.com/blockstream/2f728cbd-1164-48af-b9fe-4d4665d209df?utm_source=Blockchain+Capital+job+board&utm_medium=getro.com&gh_src=Blockchain+Capital+job+board,CC-MAIN-2026-21
Blockworks,ashby,https://jobs.ashbyhq.com/Blockworks,CC-MAIN-2026-21
blooming-health,ashby,https://jobs.ashbyhq.com/blooming-health,CC-MAIN-2026-21
Blossom-Health,ashby,https://jobs.ashbyhq.com/Blossom-Health,CC-MAIN-2026-21
blue-energy,ashby,https://jobs.ashbyhq.com/blue-energy,CC-MAIN-2026-21
blueberrypediatrics,ashby,https://jobs.ashbyhq.com/blueberrypediatrics/dc8108f3-34ed-4701-aa5d-6bfa160a643d?utm_source=engineerblog,CC-MAIN-2026-21
bluenote,ashby,https://jobs.ashbyhq.com/bluenote,CC-MAIN-2026-21
blumen,ashby,https://jobs.ashbyhq.com/blumen/36ab1874-015e-42c8-9e7a-cd0c7ce279bd?utm_source=Convective+Capital+job+board&utm_medium=getro.com&gh_src=Convective+Capital+job+board,CC-MAIN-2026-21
Bobsled,ashby,https://jobs.ashbyhq.com/Bobsled/c02130aa-88ca-4b86-b77a-7bcd71cbb013,CC-MAIN-2026-17
bobyard,ashby,https://jobs.ashbyhq.com/bobyard/35a2c975-5e0f-486e-a122-b5d85068bb82/application,CC-MAIN-2026-21
bold,ashby,https://jobs.ashbyhq.com/bold,CC-MAIN-2026-17
bolt-farm,ashby,https://jobs.ashbyhq.com/bolt-farm,CC-MAIN-2026-21
bonfire,ashby,https://jobs.ashbyhq.com/bonfire/b85abd3a-e144-4759-ab60-a26d7cd9c98f/application?ref=reactjobs.io,CC-MAIN-2026-17
Boom,ashby,https://jobs.ashbyhq.com/Boom,CC-MAIN-2026-17
boomandbucket,ashby,https://jobs.ashbyhq.com/boomandbucket,CC-MAIN-2026-21
boon,ashby,https://jobs.ashbyhq.com/boon/d0dc9ba8-a184-4504-b0c5-d570a7c97b63?utm_source=Redpoint+Ventures+job+board&utm_medium=getro.com&gh_src=Redpoint+Ventures+job+board,CC-MAIN-2026-17
Boost,ashby,https://jobs.ashbyhq.com/Boost,CC-MAIN-2026-21
botanictonics,ashby,https://jobs.ashbyhq.com/botanictonics,CC-MAIN-2026-21
Bounce,ashby,https://jobs.ashbyhq.com/Bounce/0ef5aac0-cd80-463e-9ea1-679c29d96552?utm_source=careers_page,CC-MAIN-2026-21
Braiins,ashby,https://jobs.ashbyhq.com/Braiins/096d8a60-4e66-47cc-abb6-9aac9b3b93ac?utm_source=findweb3.com,CC-MAIN-2026-21
brainbaselabs,ashby,https://jobs.ashbyhq.com/brainbaselabs,CC-MAIN-2026-21
brainco,ashby,https://jobs.ashbyhq.com/brainco/,CC-MAIN-2026-21
Braintrust,ashby,https://jobs.ashbyhq.com/Braintrust,CC-MAIN-2026-17
brale,ashby,https://jobs.ashbyhq.com/brale/21111add-1736-4a20-97fa-6a83eb34037b?utm_source=This+Week+in+Fintech+job+board&utm_medium=getro.com&gh_src=This+Week+in+Fintech+job+board,CC-MAIN-2026-17
branchinsurance,ashby,https://jobs.ashbyhq.com/branchinsurance/001b1644-e19b-4209-9034-012ec8a8542b?utm_source=8VC+job+board&utm_medium=getro.com&gh_src=8VC+job+board,CC-MAIN-2026-17
BranchLab,ashby,https://jobs.ashbyhq.com/BranchLab/15eb0acd-27c3-488e-8806-b801bd0ca28d,CC-MAIN-2026-17
brandlight,ashby,https://jobs.ashbyhq.com/brandlight/5fc6f583-3e6b-4aef-a713-4bc073d4c393,CC-MAIN-2026-17
bratte,ashby,https://jobs.ashbyhq.com/bratte/6f256458-883b-4e0d-8c55-bd635d4ea66e?utm_source=I2BF+Global+Ventures+job+board&utm_medium=getro.com&gh_src=I2BF+Global+Ventures+job+board,CC-MAIN-2026-17
bravehealth,ashby,https://jobs.ashbyhq.com/bravehealth/08a8c67d-2383-45a6-857b-377a4500aead,CC-MAIN-2026-17
breakmark,ashby,https://jobs.ashbyhq.com/breakmark/76799465-0c3f-427c-9f5b-ff5717432f62,CC-MAIN-2026-12
bree,ashby,https://jobs.ashbyhq.com/bree,CC-MAIN-2026-17
brelle,ashby,https://jobs.ashbyhq.com/brelle,CC-MAIN-2026-12
brellium,ashby,https://jobs.ashbyhq.com/brellium/e85fbe6a-1a51-462c-8736-b2a66c78a1b9?utm_source=Menlo+Ventures+job+board&utm_medium=getro.com&gh_src=Menlo+Ventures+job+board,CC-MAIN-2026-17
brettonai,ashby,https://jobs.ashbyhq.com/brettonai/055593ae-1a0e-4b51-a7ea-5d52d62f0808,CC-MAIN-2026-17
bridge,ashby,https://jobs.ashbyhq.com/bridge/53fb499d-1384-466d-b12e-c6ca866221f6,CC-MAIN-2026-17
bridger,ashby,https://jobs.ashbyhq.com/bridger,CC-MAIN-2026-12
brightstar-ai,ashby,https://jobs.ashbyhq.com/brightstar-ai,CC-MAIN-2026-17
brightwheel,ashby,https://jobs.ashbyhq.com/brightwheel/32468320-6026-4c1f-a0e9-1419360dba87,CC-MAIN-2026-17
brigit,ashby,https://jobs.ashbyhq.com/brigit/32c7348b-382d-4998-994d-3fa59818894d,CC-MAIN-2026-17
brimstone,ashby,https://jobs.ashbyhq.com/brimstone/20e2ab16-5c35-429e-91ed-b0ade1942042?utm_source=Fifth+Wall+job+board&utm_medium=getro.com&gh_src=Fifth+Wall+job+board,CC-MAIN-2026-17
brinc,ashby,https://jobs.ashbyhq.com/brinc/288f348d-1c63-443a-b7d7-d0582c009d42?utm_source=The+Garage+job+board&utm_medium=getro.com&gh_src=The+Garage+job+board,CC-MAIN-2026-17
brisk-teaching,ashby,https://jobs.ashbyhq.com/brisk-teaching/9c305347-0b5a-4e58-9d3b-54678a5bc1c7/application?utm_id=3704309&utm_source=San+Francisco+Job+Board,CC-MAIN-2026-17
brm.ai,ashby,https://jobs.ashbyhq.com/brm.ai/918b629b-e0b8-4bf6-be13-39896356c9ad?utm_source=Base10+job+board&utm_medium=getro.com&gh_src=Base10+job+board,CC-MAIN-2026-17
brooklyn-health,ashby,https://jobs.ashbyhq.com/brooklyn-health/d97800ba-f0bf-4d37-b255-ab9a454ffc33,CC-MAIN-2026-17
browserbase,ashby,https://jobs.ashbyhq.com/browserbase/1521ecbd-7d72-4c88-ba37-0e8b3aa57373,CC-MAIN-2026-17
0verwatch,greenhouse,https://job-boards.greenhouse.io/0verwatch/jobs/4299368009?gh_src=t54nd4kt9us,CC-MAIN-2026-34
103644278,greenhouse,https://job-boards.greenhouse.io/103644278?error=true,CC-MAIN-2026-34
10alabs,greenhouse,https://job-boards.greenhouse.io/10alabs/jobs/4292581009?utm_id=13163451&utm_source=Trust+and+Safety+Jobs,CC-MAIN-2026-34
10beauty,greenhouse,https://job-boards.greenhouse.io/10beauty?error=true,CC-MAIN-2026-34
10xgenomics,greenhouse,https://job-boards.greenhouse.io/10xgenomics/jobs/7884795?gh_jid=7884795,CC-MAIN-2026-30
12jlkfsk,greenhouse,https://job-boards.greenhouse.io/12jlkfsk/jobs/4654735006?gh_jid=4654735006,CC-MAIN-2026-30
12twenty,greenhouse,https://job-boards.greenhouse.io/12twenty?error=true,CC-MAIN-2026-30
143studiosinc,greenhouse,https://job-boards.greenhouse.io/143studiosinc?error=true,CC-MAIN-2026-25
1456754456yhgbhfg,greenhouse,https://job-boards.greenhouse.io/1456754456yhgbhfg/jobs/6757249002,CC-MAIN-2026-34
14technology,greenhouse,https://job-boards.greenhouse.io/14technology/jobs/5144586007,CC-MAIN-2026-34
1800contacts,greenhouse,https://job-boards.greenhouse.io/1800contacts/jobs/6271338,CC-MAIN-2026-34
1800gotjunk,greenhouse,https://job-boards.greenhouse.io/1800gotjunk?error=true,CC-MAIN-2026-34
1848ventures,greenhouse,https://job-boards.greenhouse.io/1848ventures?error=true,CC-MAIN-2026-21
1906newhighs,greenhouse,https://job-boards.greenhouse.io/1906newhighs,CC-MAIN-2026-12
1910genetics,greenhouse,https://job-boards.greenhouse.io/1910genetics,CC-MAIN-2026-25
1pyra)mid_health&care,greenhouse,https://job-boards.greenhouse.io/1pyra)mid_health&care/jobs/5215709008,CC-MAIN-2026-34
1uphealth,greenhouse,https://job-boards.greenhouse.io/1uphealth/jobs/4007760006?utm_source=Meridian+Street+Capital+job+board&utm_medium=getro.com&gh_src=Meridian+Street+Capital+job+board,CC-MAIN-2026-34
204951305985924,greenhouse,https://job-boards.greenhouse.io/204951305985924?error=true,CC-MAIN-2026-30
21shares,greenhouse,https://job-boards.greenhouse.io/21shares,CC-MAIN-2026-34
240certification,greenhouse,https://job-boards.greenhouse.io/240certification?error=true,CC-MAIN-2026-17
2k,greenhouse,https://job-boards.greenhouse.io/2k/jobs/6562867003,CC-MAIN-2026-34
2kczech,greenhouse,https://job-boards.greenhouse.io/2kczech/jobs/7612045003,CC-MAIN-2026-12
2kearlycareers,greenhouse,https://job-boards.greenhouse.io/2kearlycareers?error=true,CC-MAIN-2026-30
2kmadrid,greenhouse,https://job-boards.greenhouse.io/2kmadrid?error=true,CC-MAIN-2026-34
2u,greenhouse,https://job-boards.greenhouse.io/2u/jobs/8624009002,CC-MAIN-2026-34
2uinlinepromotions,greenhouse,https://job-boards.greenhouse.io/2uinlinepromotions/jobs/8624013002,CC-MAIN-2026-34
31stunion,greenhouse,https://job-boards.greenhouse.io/31stunion/jobs/7800263003,CC-MAIN-2026-34
3cloud,greenhouse,https://job-boards.greenhouse.io/3cloud/jobs/8585070002?gh_jid=8585070002,CC-MAIN-2026-34
3dayblindscorporate,greenhouse,https://job-boards.greenhouse.io/3dayblindscorporate,CC-MAIN-2026-30
3dayblindsmanagementandsupport,greenhouse,https://job-boards.greenhouse.io/3dayblindsmanagementandsupport?error=true,CC-MAIN-2026-34
3mgroofing,greenhouse,https://job-boards.greenhouse.io/3mgroofing,CC-MAIN-2026-34
3redpartners,greenhouse,https://job-boards.greenhouse.io/3redpartners,CC-MAIN-2026-34
5364856uhdfnvbkldfnbhrpkdfgbdvtyhro,greenhouse,https://job-boards.greenhouse.io/5364856uhdfnvbkldfnbhrpkdfgbdvtyhro/jobs/8488742002,CC-MAIN-2026-34
540,greenhouse,https://job-boards.greenhouse.io/540/jobs/6073768003,CC-MAIN-2026-34
550,greenhouse,https://job-boards.greenhouse.io/550,CC-MAIN-2026-21
5minlab,greenhouse,https://job-boards.greenhouse.io/5minlab/jobs/8537800002,CC-MAIN-2026-34
5wpr,greenhouse,https://job-boards.greenhouse.io/5wpr/jobs/5324742008,CC-MAIN-2026-34
60decibelsinc,greenhouse,https://job-boards.greenhouse.io/60decibelsinc?error=true,CC-MAIN-2026-34
66degrees,greenhouse,https://job-boards.greenhouse.io/66degrees/jobs/5746817004,CC-MAIN-2026-34
6sense,greenhouse,https://job-boards.greenhouse.io/6sense/jobs/5636812?utm_source=Notable+Capital+job+board&utm_medium=getro.com&gh_src=Notable+Capital+job+board,CC-MAIN-2026-34
7shifts,greenhouse,https://job-boards.greenhouse.io/7shifts/jobs/5720537004,CC-MAIN-2026-34
8451,greenhouse,https://job-boards.greenhouse.io/8451/jobs/8614134002,CC-MAIN-2026-34
8451university,greenhouse,https://job-boards.greenhouse.io/8451university,CC-MAIN-2026-17
86repairs,greenhouse,https://job-boards.greenhouse.io/86repairs/jobs/5825604004?utm_source=Revolution+job+board&utm_medium=getro.com&gh_src=Revolution+job+board,CC-MAIN-2026-21
8thlightrebuild,greenhouse,https://job-boards.greenhouse.io/8thlightrebuild?error=true,CC-MAIN-2026-34
9thwayinsignia,greenhouse,https://job-boards.greenhouse.io/9thwayinsignia?error=true,CC-MAIN-2026-34
a1msolutions,greenhouse,https://job-boards.greenhouse.io/a1msolutions/jobs/7817874003,CC-MAIN-2026-34
a24,greenhouse,https://job-boards.greenhouse.io/a24?error=true,CC-MAIN-2026-34
a3c41b8b71eff8c4,greenhouse,https://job-boards.greenhouse.io/a3c41b8b71eff8c4/jobs/7789899003,CC-MAIN-2026-34
aacpnw,greenhouse,https://job-boards.greenhouse.io/aacpnw/jobs/4185737005,CC-MAIN-2026-34
aavaa,greenhouse,https://job-boards.greenhouse.io/aavaa?error=true,CC-MAIN-2026-25
abacusfinancegroup,greenhouse,https://job-boards.greenhouse.io/abacusfinancegroup?error=true,CC-MAIN-2026-30
abacusinsights,greenhouse,https://job-boards.greenhouse.io/abacusinsights/jobs/8620740002?utm_source=.406+Ventures+job+board&utm_medium=getro.com&gh_src=.406+Ventures+job+board,CC-MAIN-2026-34
abakaai,greenhouse,https://job-boards.greenhouse.io/abakaai/jobs/4056032009,CC-MAIN-2026-34
abbyy,greenhouse,https://job-boards.greenhouse.io/abbyy?error=true,CC-MAIN-2026-30
abcellera,greenhouse,https://job-boards.greenhouse.io/abcellera/jobs/6578101003,CC-MAIN-2026-30
abclabs,greenhouse,https://job-boards.greenhouse.io/abclabs?error=true,CC-MAIN-2026-17
abilitypath,greenhouse,https://job-boards.greenhouse.io/abilitypath/jobs/4840450007,CC-MAIN-2026-30
abinbev,greenhouse,https://job-boards.greenhouse.io/abinbev/jobs/7598518002,CC-MAIN-2026-34
able,greenhouse,https://job-boards.greenhouse.io/able/jobs/8624699002,CC-MAIN-2026-34
ably30,greenhouse,https://job-boards.greenhouse.io/ably30/jobs/4880791101?utm_source=MMC+Ventures+job+board&utm_medium=getro.com&gh_src=MMC+Ventures+job+board,CC-MAIN-2026-34
abodo,greenhouse,https://job-boards.greenhouse.io/abodo,CC-MAIN-2026-12
abricareinc,greenhouse,https://job-boards.greenhouse.io/abricareinc?error=true,CC-MAIN-2026-25
abrightbeginnings,greenhouse,https://job-boards.greenhouse.io/abrightbeginnings?error=true,CC-MAIN-2026-21
absherconstruction,greenhouse,https://job-boards.greenhouse.io/absherconstruction/jobs/4236128009?gh_src=my.greenhouse.search,CC-MAIN-2026-30
absolicsinc,greenhouse,https://job-boards.greenhouse.io/absolicsinc,CC-MAIN-2026-25
absolutesecurityintl,greenhouse,https://job-boards.greenhouse.io/absolutesecurityintl/jobs/4284335009,CC-MAIN-2026-34
absurdventures,greenhouse,https://job-boards.greenhouse.io/absurdventures/jobs/4141200007,CC-MAIN-2026-34
accela,greenhouse,https://job-boards.greenhouse.io/accela/jobs/8010423,CC-MAIN-2026-34
accelerationpartners,greenhouse,https://job-boards.greenhouse.io/accelerationpartners/jobs/7997048,CC-MAIN-2026-34
acceleronfusion,greenhouse,https://job-boards.greenhouse.io/acceleronfusion?error=true,CC-MAIN-2026-34
accelschools,greenhouse,https://job-boards.greenhouse.io/accelschools/jobs/7780148003?utm_id=13737056&utm_source=Online+Education+Jobs,CC-MAIN-2026-34
accenturefederalservices,greenhouse,https://job-boards.greenhouse.io/accenturefederalservices/jobs/4592027006?gh_jid=4592027006,CC-MAIN-2026-34
accesshealthca,greenhouse,https://job-boards.greenhouse.io/accesshealthca?error=true,CC-MAIN-2026-30
accessholdingsmanagementfirm,greenhouse,https://job-boards.greenhouse.io/accessholdingsmanagementfirm/jobs/6618284003,CC-MAIN-2026-34
accesso,greenhouse,https://job-boards.greenhouse.io/accesso/jobs/5153387007,CC-MAIN-2026-30
accordion,greenhouse,https://job-boards.greenhouse.io/accordion/jobs/7428717,CC-MAIN-2026-34
accreditedlabs,greenhouse,https://job-boards.greenhouse.io/accreditedlabs?error=true,CC-MAIN-2026-34
accuweather,greenhouse,https://job-boards.greenhouse.io/accuweather/jobs/8036776,CC-MAIN-2026-34
aceable,greenhouse,https://job-boards.greenhouse.io/aceable/jobs/8599247002,CC-MAIN-2026-30
acentria,greenhouse,https://job-boards.greenhouse.io/acentria/jobs/5145289007,CC-MAIN-2026-34
achievementfirstnetworksupportcareers,greenhouse,https://job-boards.greenhouse.io/achievementfirstnetworksupportcareers?error=true,CC-MAIN-2026-17
acilearning,greenhouse,https://job-boards.greenhouse.io/acilearning/jobs/4302901009,CC-MAIN-2026-34
aclu,greenhouse,https://job-boards.greenhouse.io/aclu/jobs/8598889002,CC-MAIN-2026-34
acluinternships,greenhouse,https://job-boards.greenhouse.io/acluinternships?error=true,CC-MAIN-2026-34
aclunc,greenhouse,https://job-boards.greenhouse.io/aclunc?error=true,CC-MAIN-2026-34
aclunj,greenhouse,https://job-boards.greenhouse.io/aclunj?error=true,CC-MAIN-2026-21
acog,greenhouse,https://job-boards.greenhouse.io/acog?error=true,CC-MAIN-2026-30
acommerce,greenhouse,https://job-boards.greenhouse.io/acommerce/jobs/3567348,CC-MAIN-2026-34
acornhealth,greenhouse,https://job-boards.greenhouse.io/acornhealth/jobs/4634102005,CC-MAIN-2026-34
acquia,greenhouse,https://job-boards.greenhouse.io/acquia/jobs/7976489,CC-MAIN-2026-34
acrisureinnovation,greenhouse,https://job-boards.greenhouse.io/acrisureinnovation?error=true,CC-MAIN-2026-30
acryldata,greenhouse,https://job-boards.greenhouse.io/acryldata,CC-MAIN-2026-34
action,greenhouse,https://job-boards.greenhouse.io/action/jobs/4002687009,CC-MAIN-2026-34
actpowerservices,greenhouse,https://job-boards.greenhouse.io/actpowerservices/jobs/7797719003,CC-MAIN-2026-34
acuitymd,greenhouse,https://job-boards.greenhouse.io/acuitymd?error=true,CC-MAIN-2026-34
acumen,greenhouse,https://job-boards.greenhouse.io/acumen/jobs/8560517002,CC-MAIN-2026-34
acutechgroupinc,greenhouse,https://job-boards.greenhouse.io/acutechgroupinc/jobs/4420937006?utm_source=fire_and_safety_jobs&utm_medium=organic,CC-MAIN-2026-30
ada18,greenhouse,https://job-boards.greenhouse.io/ada18/jobs/5056113007?utm_source=Accel+job+board&utm_medium=getro.com&gh_src=Accel+job+board,CC-MAIN-2026-34
adahealth,greenhouse,https://job-boards.greenhouse.io/adahealth/jobs/8488980002,CC-MAIN-2026-21
adamsclinical,greenhouse,https://job-boards.greenhouse.io/adamsclinical/jobs/4109598009?gh_src=my.greenhouse.search,CC-MAIN-2026-34
adapter,greenhouse,https://job-boards.greenhouse.io/adapter,CC-MAIN-2026-30
adaptivewater,greenhouse,https://job-boards.greenhouse.io/adaptivewater/jobs/4035161009,CC-MAIN-2026-25
adaugeohealthcare,greenhouse,https://job-boards.greenhouse.io/adaugeohealthcare,CC-MAIN-2026-21
addepar1,greenhouse,https://job-boards.greenhouse.io/addepar1/jobs/8342445002?gh_src=Craft+Ventures+job+board,CC-MAIN-2026-34
adeedo,greenhouse,https://job-boards.greenhouse.io/adeedo,CC-MAIN-2026-21
adelphicommunications,greenhouse,https://job-boards.greenhouse.io/adelphicommunications,CC-MAIN-2026-21
adelphigraduatecareers,greenhouse,https://job-boards.greenhouse.io/adelphigraduatecareers?error=true,CC-MAIN-2026-34
adelphigrouplimited,greenhouse,https://job-boards.greenhouse.io/adelphigrouplimited,CC-MAIN-2026-30
adelphirealworld,greenhouse,https://job-boards.greenhouse.io/adelphirealworld,CC-MAIN-2026-12
adelphiresearch,greenhouse,https://job-boards.greenhouse.io/adelphiresearch,CC-MAIN-2026-30
adelphivalues%20pco,greenhouse,https://job-boards.greenhouse.io/adelphivalues%20pco,CC-MAIN-2026-12
adfinternational,greenhouse,https://job-boards.greenhouse.io/adfinternational/jobs/5196543008?gh_jid=5196543008,CC-MAIN-2026-30
adicettherapeuticsinc,greenhouse,https://job-boards.greenhouse.io/adicettherapeuticsinc/jobs/5189383007?gh_jid=5189383007,CC-MAIN-2026-34
aditumbio,greenhouse,https://job-boards.greenhouse.io/aditumbio/jobs/4717527005,CC-MAIN-2026-34
adjustjobs,greenhouse,https://job-boards.greenhouse.io/adjustjobs?error=true,CC-MAIN-2026-30
administrative,greenhouse,https://job-boards.greenhouse.io/administrative?error=true,CC-MAIN-2026-34
admios,greenhouse,https://job-boards.greenhouse.io/admios/jobs/5543511002,CC-MAIN-2026-30
adonis,greenhouse,https://job-boards.greenhouse.io/adonis/jobs/4261959007,CC-MAIN-2026-12
adswerveinc,greenhouse,https://job-boards.greenhouse.io/adswerveinc?error=true,CC-MAIN-2026-34
adultservices,greenhouse,https://job-boards.greenhouse.io/adultservices,CC-MAIN-2026-17
advancedtechnologyservices,greenhouse,https://job-boards.greenhouse.io/advancedtechnologyservices/jobs/4598434006,CC-MAIN-2026-34
advertisingspecialtyinstitute,greenhouse,https://job-boards.greenhouse.io/advertisingspecialtyinstitute,CC-MAIN-2026-30
advocateconstruction,greenhouse,https://job-boards.greenhouse.io/advocateconstruction,CC-MAIN-2026-34
advocatesforchildrenofnewyork,greenhouse,https://job-boards.greenhouse.io/advocatesforchildrenofnewyork,CC-MAIN-2026-34
advocateslawcareers,greenhouse,https://job-boards.greenhouse.io/advocateslawcareers?error=true,CC-MAIN-2026-34
adyen,greenhouse,https://job-boards.greenhouse.io/adyen,CC-MAIN-2026-34
aechelontechnology,greenhouse,https://job-boards.greenhouse.io/aechelontechnology/jobs/4606307008,CC-MAIN-2026-34
aef,greenhouse,https://job-boards.greenhouse.io/aef?error=true,CC-MAIN-2026-17
aegisventures,greenhouse,https://job-boards.greenhouse.io/aegisventures/jobs/4688228006,CC-MAIN-2026-30
aegworldwide,greenhouse,https://job-boards.greenhouse.io/aegworldwide/jobs/8568061002,CC-MAIN-2026-34
aerospike,greenhouse,https://job-boards.greenhouse.io/aerospike?error=true,CC-MAIN-2026-30
aestudio,greenhouse,https://job-boards.greenhouse.io/aestudio/jobs/6127006004,CC-MAIN-2026-34
aevexaerospace,greenhouse,https://job-boards.greenhouse.io/aevexaerospace/jobs/4097852008,CC-MAIN-2026-34
aeyeinc,greenhouse,https://job-boards.greenhouse.io/aeyeinc/jobs/8621673002?gh_jid=8621673002,CC-MAIN-2026-34
afcvolunteers,greenhouse,https://job-boards.greenhouse.io/afcvolunteers,CC-MAIN-2026-17
affinidi,greenhouse,https://job-boards.greenhouse.io/affinidi?error=true,CC-MAIN-2026-34
affinitiv,greenhouse,https://job-boards.greenhouse.io/affinitiv/jobs/7790429003,CC-MAIN-2026-34
affinity,greenhouse,https://job-boards.greenhouse.io/affinity?error=true,CC-MAIN-2026-30
affirm,greenhouse,https://job-boards.greenhouse.io/affirm/jobs/7118737003?utm_source=TheVentureCity+job+board&utm_medium=getro.com&gh_src=TheVentureCity+job+board,CC-MAIN-2026-34
affirmedrxpbc,greenhouse,https://job-boards.greenhouse.io/affirmedrxpbc?error=true,CC-MAIN-2026-34
affordablepetcareatfourcorners,greenhouse,https://job-boards.greenhouse.io/affordablepetcareatfourcorners,CC-MAIN-2026-17
afresh,greenhouse,https://job-boards.greenhouse.io/afresh/jobs/6000467004?utm_source=VMG+Partners+job+board&utm_medium=getro.com&gh_src=VMG+Partners+job+board,CC-MAIN-2026-34
ag1,greenhouse,https://job-boards.greenhouse.io/ag1/jobs/5228188008,CC-MAIN-2026-34
agebold,greenhouse,https://job-boards.greenhouse.io/agebold/jobs/4073828007,CC-MAIN-2026-34
agecareers,greenhouse,https://job-boards.greenhouse.io/agecareers?error=true,CC-MAIN-2026-30
agency,greenhouse,https://job-boards.greenhouse.io/agency/jobs/4784878101?utm_source=www.thedailylead.co&utm_medium=newsletter&utm_campaign=the-daily-lead-february-20-2026,CC-MAIN-2026-30
agencywithin,greenhouse,https://job-boards.greenhouse.io/agencywithin/jobs/4120361007,CC-MAIN-2026-34
ageoflearninginc,greenhouse,https://job-boards.greenhouse.io/ageoflearninginc,CC-MAIN-2026-30
agibank,greenhouse,https://job-boards.greenhouse.io/agibank/jobs/4964781008,CC-MAIN-2026-34
agibankvagasfuturas,greenhouse,https://job-boards.greenhouse.io/agibankvagasfuturas/jobs/5216535008,CC-MAIN-2026-34
agilesix,greenhouse,https://job-boards.greenhouse.io/agilesix,CC-MAIN-2026-30
agilisys,greenhouse,https://job-boards.greenhouse.io/agilisys?error=true,CC-MAIN-2026-17
agilize,greenhouse,https://job-boards.greenhouse.io/agilize/jobs/6938504003,CC-MAIN-2026-21
agoda,greenhouse,https://job-boards.greenhouse.io/agoda/jobs/6354870?gh_src=55p8yjcf1us,CC-MAIN-2026-34
agwestfarmcredit,greenhouse,https://job-boards.greenhouse.io/agwestfarmcredit?error=true,CC-MAIN-2026-21
ahrefsjobs,greenhouse,https://job-boards.greenhouse.io/ahrefsjobs/jobs/6005637004,CC-MAIN-2026-34
aidashinc,greenhouse,https://job-boards.greenhouse.io/aidashinc/jobs/4162786009?utm_source=G2+Venture+Partners+job+board&utm_medium=getro.com&gh_src=G2+Venture+Partners+job+board,CC-MAIN-2026-34
aiedu,greenhouse,https://job-boards.greenhouse.io/aiedu/jobs/5154518007?utm_source=Fast+Forward+job+board&utm_medium=getro.com&gh_src=Fast+Forward+job+board,CC-MAIN-2026-34
aifoundry,greenhouse,https://job-boards.greenhouse.io/aifoundry?error=true,CC-MAIN-2026-34
aift,greenhouse,https://job-boards.greenhouse.io/aift/jobs/4572354004?gh_src=bfdfcf844us,CC-MAIN-2026-34
aippublishing,greenhouse,https://job-boards.greenhouse.io/aippublishing,CC-MAIN-2026-34
air,greenhouse,https://job-boards.greenhouse.io/air/jobs/4056465009?utm_source=Accel+job+board&utm_medium=getro.com&gh_src=Accel+job+board,CC-MAIN-2026-34
aircallioinc,greenhouse,https://job-boards.greenhouse.io/aircallioinc,CC-MAIN-2026-34
aircapture,greenhouse,https://job-boards.greenhouse.io/aircapture/jobs/4016021006,CC-MAIN-2026-34
aircompany,greenhouse,https://job-boards.greenhouse.io/aircompany/jobs/4596283005,CC-MAIN-2026-34
airia,greenhouse,https://job-boards.greenhouse.io/airia/jobs/4411992007?utm_source=Tech+Square+Ventures+job+board&utm_medium=getro.com&gh_src=Tech+Square+Ventures+job+board,CC-MAIN-2026-34
airnorth,greenhouse,https://job-boards.greenhouse.io/airnorth/jobs/5301425008,CC-MAIN-2026-34
airsculpt,greenhouse,https://job-boards.greenhouse.io/airsculpt/jobs/7784168003,CC-MAIN-2026-34
airship,greenhouse,https://job-boards.greenhouse.io/airship/jobs/4857794101?utm_source=Foundry+job+board&utm_medium=getro.com&gh_src=Foundry+job+board,CC-MAIN-2026-34
airspace,greenhouse,https://job-boards.greenhouse.io/airspace?error=true,CC-MAIN-2026-34
airtable,greenhouse,https://job-boards.greenhouse.io/airtable/jobs/7497304002?utm_source=Freestyle+Capital+job+board&utm_medium=getro.com&gh_src=Freestyle+Capital+job+board,CC-MAIN-2026-34
airtamejobs,greenhouse,https://job-boards.greenhouse.io/airtamejobs?error=true,CC-MAIN-2026-30
airtrunk,greenhouse,https://job-boards.greenhouse.io/airtrunk/jobs/7559021003,CC-MAIN-2026-34
airup,greenhouse,https://job-boards.greenhouse.io/airup?error=true,CC-MAIN-2026-21
airwave,greenhouse,https://job-boards.greenhouse.io/airwave/jobs/8046227,CC-MAIN-2026-34
aiserajobs,greenhouse,https://job-boards.greenhouse.io/aiserajobs/jobs/5658437004?utm_source=topaisjobs.com,CC-MAIN-2026-25
aisi,greenhouse,https://job-boards.greenhouse.io/aisi/jobs/4386112101?utm_source=Global+Talent+Jobs+job+board&utm_medium=getro.com&gh_src=Global+Talent+Jobs+job+board,CC-MAIN-2026-12
aisquared,greenhouse,https://job-boards.greenhouse.io/aisquared/jobs/4422754006,CC-MAIN-2026-17
aiviq,greenhouse,https://job-boards.greenhouse.io/aiviq/jobs/7981780002,CC-MAIN-2026-12
aizerhealth,greenhouse,https://job-boards.greenhouse.io/aizerhealth/jobs/5194230008,CC-MAIN-2026-34
ajboggs,greenhouse,https://job-boards.greenhouse.io/ajboggs?iframe=true&digest=lVi43JAh5Ux3QNuSyL2uBXGAUnkE7bVo.a85bxdBEmQ-&jobid=435785000008515005&widgetid=435785000000072311&embedsource=CareerSite,CC-MAIN-2026-34
ajtutoring,greenhouse,https://job-boards.greenhouse.io/ajtutoring/jobs/8153190002,CC-MAIN-2026-12
akayshaenergy,greenhouse,https://job-boards.greenhouse.io/akayshaenergy?error=true,CC-MAIN-2026-21
akidolabs,greenhouse,https://job-boards.greenhouse.io/akidolabs/jobs/4649927006,CC-MAIN-2026-34
akko,greenhouse,https://job-boards.greenhouse.io/akko/jobs/4591874005,CC-MAIN-2026-34
akoya,greenhouse,https://job-boards.greenhouse.io/akoya,CC-MAIN-2026-21
aks-internships,greenhouse,https://job-boards.greenhouse.io/aks-internships/jobs/4340344009?gh_src=my.greenhouse.search,CC-MAIN-2026-34
aksengineeringforestryllc,greenhouse,https://job-boards.greenhouse.io/aksengineeringforestryllc/jobs/4174694009?utm_source=getoutdoorjobs&utm_medium=job_board&utm_campaign=job_apply&utm_content=2252515172,CC-MAIN-2026-34
akuity,greenhouse,https://job-boards.greenhouse.io/akuity?error=true,CC-MAIN-2026-34
alabamatitleloansinc,greenhouse,https://job-boards.greenhouse.io/alabamatitleloansinc/jobs/8059667,CC-MAIN-2026-34
alabaster,greenhouse,https://job-boards.greenhouse.io/alabaster/jobs/4221718009?gh_src=6ildqbee9us&fbclid=IwY2xjawRUlkFleHRuA2FlbQIxMABicmlkETFmNnFCVnl1dm1NWktEVEhqc3J0YwZhcHBfaWQQMjIyMDM5MTc4ODIwMDg5MgABHqFzYUUMPWf0AfwaGQT3fjJH9_PRnAV3YD5xRJVT4_tws9t5uBMhpb46dccr_aem_yiePryvHTGMIgQr9lm-TEw,CC-MAIN-2026-21
alaika,greenhouse,https://job-boards.greenhouse.io/alaika?error=true,CC-MAIN-2026-17
alamarbiosciences,greenhouse,https://job-boards.greenhouse.io/alamarbiosciences/jobs/5997271004,CC-MAIN-2026-34
alarmcom,greenhouse,https://job-boards.greenhouse.io/alarmcom,CC-MAIN-2026-34
albedo,greenhouse,https://job-boards.greenhouse.io/albedo/jobs/4135187009?utm_source=Breakthrough+Energy+Ventures+job+board&utm_medium=getro.com&gh_src=Breakthrough+Energy+Ventures+job+board,CC-MAIN-2026-34
albertmackenziellp,greenhouse,https://job-boards.greenhouse.io/albertmackenziellp?error=true,CC-MAIN-2026-30
alby,greenhouse,https://job-boards.greenhouse.io/alby?error=true,CC-MAIN-2026-21
alchemy,greenhouse,https://job-boards.greenhouse.io/alchemy/jobs/4461901005?gh_src=Arbitrum+job+board,CC-MAIN-2026-17
alertmedia,greenhouse,https://job-boards.greenhouse.io/alertmedia/jobs/8614700002,CC-MAIN-2026-34
alethea,greenhouse,https://job-boards.greenhouse.io/alethea/jobs/6133753004,CC-MAIN-2026-34
algolia,greenhouse,https://job-boards.greenhouse.io/algolia/jobs/5601402004?utm_source=Accel+job+board&utm_medium=getro.com&gh_src=Accel+job+board,CC-MAIN-2026-34
align,greenhouse,https://job-boards.greenhouse.io/align/jobs/8624402002?utm_source=NoCommute&utm_medium=newsletter&utm_campaign=remote-jobs-for-july-22-2026,CC-MAIN-2026-34
align46,greenhouse,https://job-boards.greenhouse.io/align46/jobs/5084456007,CC-MAIN-2026-34
alku,greenhouse,https://job-boards.greenhouse.io/alku/jobs/6994770?gh_jid=6994770&gh_src=6iy68m8y1us,CC-MAIN-2026-34
alkujobs,greenhouse,https://job-boards.greenhouse.io/alkujobs/jobs/6674246,CC-MAIN-2026-30
all4seasons,greenhouse,https://job-boards.greenhouse.io/all4seasons,CC-MAIN-2026-34
allarahealth,greenhouse,https://job-boards.greenhouse.io/allarahealth,CC-MAIN-2026-12
allbooked,greenhouse,https://job-boards.greenhouse.io/allbooked?error=true,CC-MAIN-2026-30
allcareers,greenhouse,https://job-boards.greenhouse.io/allcareers/jobs/8593206002,CC-MAIN-2026-34
allegro,greenhouse,https://job-boards.greenhouse.io/allegro,CC-MAIN-2026-34
allencontrolsystems,greenhouse,https://job-boards.greenhouse.io/allencontrolsystems/jobs/4515626008?utm_source=Rally+Ventures+job+board&utm_medium=getro.com&gh_src=Rally+Ventures+job+board,CC-MAIN-2026-34
allenintegratedsolutions,greenhouse,https://job-boards.greenhouse.io/allenintegratedsolutions/jobs/7815580003?gh_src=my.greenhouse.search,CC-MAIN-2026-34
alliance,greenhouse,https://job-boards.greenhouse.io/alliance,CC-MAIN-2026-12
alliancedefendingfreedom,greenhouse,https://job-boards.greenhouse.io/alliancedefendingfreedom/jobs/5098288008?gh_jid=5098288008&gh_src=zyx4qucg8us,CC-MAIN-2026-34
allianceus,greenhouse,https://job-boards.greenhouse.io/allianceus?error=true,CC-MAIN-2026-17
alliedmaker,greenhouse,https://job-boards.greenhouse.io/alliedmaker/jobs/4265746009,CC-MAIN-2026-30
allinc,greenhouse,https://job-boards.greenhouse.io/allinc/jobs/8610650002,CC-MAIN-2026-34
alltrna,greenhouse,https://job-boards.greenhouse.io/alltrna,CC-MAIN-2026-30
allwebleads,greenhouse,https://job-boards.greenhouse.io/allwebleads/jobs/6341378002,CC-MAIN-2026-34
allworthfinancial,greenhouse,https://job-boards.greenhouse.io/allworthfinancial/jobs/8114401002,CC-MAIN-2026-17
alma,greenhouse,https://job-boards.greenhouse.io/alma/jobs/8541066002,CC-MAIN-2026-25
alma31,greenhouse,https://job-boards.greenhouse.io/alma31/jobs/4516565101,CC-MAIN-2026-25
alohacollection,greenhouse,https://job-boards.greenhouse.io/alohacollection?error=true,CC-MAIN-2026-25
aloyoga,greenhouse,https://job-boards.greenhouse.io/aloyoga/jobs/5789952004?gh_jid=5789952004&gh_src=ty7jxmhl4us,CC-MAIN-2026-34
alpaca,greenhouse,https://job-boards.greenhouse.io/alpaca/jobs/4431262004,CC-MAIN-2026-34
alpha9oncology,greenhouse,https://job-boards.greenhouse.io/alpha9oncology/jobs/5231543008,CC-MAIN-2026-30
alphaalternatives,greenhouse,https://job-boards.greenhouse.io/alphaalternatives?error=true,CC-MAIN-2026-30
alphafmcroles,greenhouse,https://job-boards.greenhouse.io/alphafmcroles/jobs/8626344002,CC-MAIN-2026-34
alphagrepsecurities,greenhouse,https://job-boards.greenhouse.io/alphagrepsecurities/jobs/5317836002,CC-MAIN-2026-34
alphahawaii,greenhouse,https://job-boards.greenhouse.io/alphahawaii/jobs/5098834008,CC-MAIN-2026-17
alphalion,greenhouse,https://job-boards.greenhouse.io/alphalion/jobs/5375075008?utm_source=NoCommute&utm_medium=newsletter&utm_campaign=remote-jobs-for-august-4-2026,CC-MAIN-2026-34
alphapublicschools,greenhouse,https://job-boards.greenhouse.io/alphapublicschools?error=true,CC-MAIN-2026-34
alphasense,greenhouse,https://job-boards.greenhouse.io/alphasense/jobs/7652459002?utm_source=Alkeon+Capital+job+board&utm_medium=getro.com&gh_src=Alkeon+Capital+job+board,CC-MAIN-2026-34
alphasensehelsinki,greenhouse,https://job-boards.greenhouse.io/alphasensehelsinki/jobs/6718749002,CC-MAIN-2026-30
alphasenseindia,greenhouse,https://job-boards.greenhouse.io/alphasenseindia/jobs/8589300002,CC-MAIN-2026-34
alphataraxia,greenhouse,https://job-boards.greenhouse.io/alphataraxia,CC-MAIN-2026-17
alpineinternships,greenhouse,https://job-boards.greenhouse.io/alpineinternships/jobs/8344152002,CC-MAIN-2026-30
alpineinternships-private,greenhouse,https://job-boards.greenhouse.io/alpineinternships-private/jobs/8195347002,CC-MAIN-2026-30
alt,greenhouse,https://job-boards.greenhouse.io/alt/jobs/7646349003?utm_source=SV+Angel+job+board&utm_medium=getro.com&gh_src=SV+Angel+job+board,CC-MAIN-2026-34
altamiratechnologies,greenhouse,https://job-boards.greenhouse.io/altamiratechnologies/jobs/4776994101,CC-MAIN-2026-12
altanaai,greenhouse,https://job-boards.greenhouse.io/altanaai/jobs/7765630003?utm_source=AlleyCorp+job+board&utm_medium=getro.com&gh_src=AlleyCorp+job+board,CC-MAIN-2026-34
altentechnologyusa,greenhouse,https://job-boards.greenhouse.io/altentechnologyusa/jobs/4996545007,CC-MAIN-2026-34
altium,greenhouse,https://job-boards.greenhouse.io/altium?error=true,CC-MAIN-2026-34
altoslabs,greenhouse,https://job-boards.greenhouse.io/altoslabs/jobs/4326863004,CC-MAIN-2026-34
altscore,greenhouse,https://job-boards.greenhouse.io/altscore?error=true,CC-MAIN-2026-30
alu,greenhouse,https://job-boards.greenhouse.io/alu/jobs/119360?gh_src=Imaginable+Futures+job+board,CC-MAIN-2026-30
alumis,greenhouse,https://job-boards.greenhouse.io/alumis/jobs/4515280008,CC-MAIN-2026-30
alumniventures,greenhouse,https://job-boards.greenhouse.io/alumniventures,CC-MAIN-2026-30
alveole,greenhouse,https://job-boards.greenhouse.io/alveole?error=true,CC-MAIN-2026-30
alvys,greenhouse,https://job-boards.greenhouse.io/alvys/jobs/5055486008,CC-MAIN-2026-21
alxafrica,greenhouse,https://job-boards.greenhouse.io/alxafrica,CC-MAIN-2026-30
amaehealth,greenhouse,https://job-boards.greenhouse.io/amaehealth,CC-MAIN-2026-30
amarok,greenhouse,https://job-boards.greenhouse.io/amarok/jobs/4713894004,CC-MAIN-2026-17
ambercharterschools,greenhouse,https://job-boards.greenhouse.io/ambercharterschools,CC-MAIN-2026-30
ambiententerprises,greenhouse,https://job-boards.greenhouse.io/ambiententerprises?error=true,CC-MAIN-2026-17
ambiqmicroinc,greenhouse,https://job-boards.greenhouse.io/ambiqmicroinc,CC-MAIN-2026-30
amca,greenhouse,https://job-boards.greenhouse.io/amca,CC-MAIN-2026-21
amdaris,greenhouse,https://job-boards.greenhouse.io/amdaris?error=true,CC-MAIN-2026-17
ameelio,greenhouse,https://job-boards.greenhouse.io/ameelio,CC-MAIN-2026-30
amendconsulting,greenhouse,https://job-boards.greenhouse.io/amendconsulting,CC-MAIN-2026-12
amenitiz,greenhouse,https://job-boards.greenhouse.io/amenitiz?error=true,CC-MAIN-2026-30
americancapitalgroup,greenhouse,https://job-boards.greenhouse.io/americancapitalgroup/jobs/5798536004,CC-MAIN-2026-17
americanfloodcoalition,greenhouse,https://job-boards.greenhouse.io/americanfloodcoalition/jobs/5275459008,CC-MAIN-2026-30
americaninstitute,greenhouse,https://job-boards.greenhouse.io/americaninstitute/jobs/5238887008?gh_src=my.greenhouse.search,CC-MAIN-2026-25
americaninstitutesforresearch,greenhouse,https://job-boards.greenhouse.io/americaninstitutesforresearch,CC-MAIN-2026-30
americanmarketingassociation,greenhouse,https://job-boards.greenhouse.io/americanmarketingassociation,CC-MAIN-2026-25
americaspromisealliance,greenhouse,https://job-boards.greenhouse.io/americaspromisealliance/jobs/4925346007,CC-MAIN-2026-25
amiralearning,greenhouse,https://job-boards.greenhouse.io/amiralearning/jobs/4306637009,CC-MAIN-2026-30
amity,greenhouse,https://job-boards.greenhouse.io/amity,CC-MAIN-2026-30
amnh,greenhouse,https://job-boards.greenhouse.io/amnh/jobs/7644669003,CC-MAIN-2026-17
amount,greenhouse,https://job-boards.greenhouse.io/amount/jobs/5057897007?utm_source=Hyde+Park+Venture+Partners+job+board&utm_medium=getro.com&gh_src=Hyde+Park+Venture+Partners+job+board,CC-MAIN-2026-30
amperesand,greenhouse,https://job-boards.greenhouse.io/amperesand?error=true,CC-MAIN-2026-30
amperon,greenhouse,https://job-boards.greenhouse.io/amperon?error=true,CC-MAIN-2026-30
amplemarket,greenhouse,https://job-boards.greenhouse.io/amplemarket/jobs/4066899101?utm_source=Comcast+Ventures+job+board&utm_medium=getro.com&gh_src=Comcast+Ventures+job+board,CC-MAIN-2026-30
amplitude,greenhouse,https://job-boards.greenhouse.io/amplitude/jobs/8583053002,CC-MAIN-2026-30
ampm,greenhouse,https://job-boards.greenhouse.io/ampm/jobs/4272145009,CC-MAIN-2026-30
ampsortation,greenhouse,https://job-boards.greenhouse.io/ampsortation?error=true,CC-MAIN-2026-30
amtechsoftware,greenhouse,https://job-boards.greenhouse.io/amtechsoftware,CC-MAIN-2026-30
amwell,greenhouse,https://job-boards.greenhouse.io/amwell/jobs/4253940009,CC-MAIN-2026-30
amylyx,greenhouse,https://job-boards.greenhouse.io/amylyx?error=true,CC-MAIN-2026-30
amyrisinc,greenhouse,https://job-boards.greenhouse.io/amyrisinc,CC-MAIN-2026-30
analyst1,greenhouse,https://job-boards.greenhouse.io/analyst1?error=true,CC-MAIN-2026-30
analyticservicesinc,greenhouse,https://job-boards.greenhouse.io/analyticservicesinc/jobs/5222802008?gh_jid=5222802008&gh_src=2b4b235b8us,CC-MAIN-2026-30
anaplan,greenhouse,https://job-boards.greenhouse.io/anaplan/jobs/8019606002,CC-MAIN-2026-30
anchanto,greenhouse,https://job-boards.greenhouse.io/anchanto?error=true,CC-MAIN-2026-30
anchorhealthct,greenhouse,https://job-boards.greenhouse.io/anchorhealthct?error=true,CC-MAIN-2026-21
andesite,greenhouse,https://job-boards.greenhouse.io/andesite/jobs/4363391007,CC-MAIN-2026-30
andgosystems,greenhouse,https://job-boards.greenhouse.io/andgosystems/jobs/4215008009,CC-MAIN-2026-21
andurilindustries,greenhouse,https://job-boards.greenhouse.io/andurilindustries/jobs/4159543007?utm_source=Long+Journey+Ventures+job+board&utm_medium=getro.com&gh_src=Long+Journey+Ventures+job+board,CC-MAIN-2026-30
uncacheable_attributes,greenhouse,https://boards.greenhouse.io/uncacheable_attributes/presigned_fields?fields%5B%5D=resume&fields%5B%5D=cover_letter,CC-MAIN-2026-12
